product_code,description,unit_of_measure,unit_price,case_price
BSTBR48,iECO BAMBOO CUTLERY COMBO PACK 48/PK X 12/CS iECO COUTELLERIE ASSORTIE EN BAMBOU 48/PK X 12/CS UPC Pack: 059212323421 UPC Case: 059212323438,CASE,3.12,37.44
BSTBRF,iECO BAMBOO FORKS 24/PK X 24/CS iECO FOURCHETTES EN BAMBOU 24/PK X 24/CS UPC Pack: 059212323469 UPC Case: 059212323476,CASE,1.44,34.56
BSTBRK,iECO BAMBOO KNIVES 24/PK X 24/CS iECO COUTEAUX EN BAMBOU 24/PK X 24/CS UPC Pack: 059212323445 UPC Case: 059212323452,CASE,1.28,30.72
BSTBRT,iECO BAMBOO TEASPOONS 24/PK X 24/CS iECO CUILLERES EN BAMBOU 24/PK X 24/CS UPC Pack: 059212323483 UPC Case: 059212323490,CASE,1.55,37.20
BSTCCF5,IECO BIRCH FORK 100/PK x 5BOX ( 8/TRAY-CASE) (1692514) IECO FOURCHETTE EN BOULEAU 100/PQT x 5BOITE (8/TRAY-CTN) (1692514) UPC Pack: 059212314092 UPC Case: 059212314108,EACH,10.40,83.20
BSTCCK5,IECO BIRCH KNIVES 100/PK x 5BOX ( 8/TRAY-CASE) (1692516) IECO COUTEAU EN BOULEAU 100/PQT x 5BOITE (8/TRAY-CTN) (1692516) UPC Pack: 059212314115 UPC Case: 059212314122,EACH,8.80,70.40
BSTCCLT,iECO BIRCH LONG HANDLED SPOON 500 PCS/PK x 12/CS iECO CUILLERE A MANCHE LONG EN BOULEAU 500 PCS/PK x 12/CS UPC Pack: 059212323636 UPC Case: 059212323643,CASE,12.88,154.59
BSTCCT5,IECO BIRCH TEASPOON 100/PK x 5BOX ( 8/TRAY-CASE) (1692513) IECO CUILLERE A THE EN BOULEAU 100/PQT x 5BOITE (8/TRAY-CTN) (1692513) UPC Pack: 059212314139 UPC Case: 059212314146,EACH,10.77,86.16
BSTCICS,iECO BIRCH ICE CREAM SPOON 9.5 CM 1000 PCS/PK x 5/CS (1926732) iECO CUILLERE A GLACE EN BOULEAU 9.5 CM 1000 PCS/PK x 5/CS (1926732) UPC Pack: 059212323391 UPC Case: 059212323407,CASE,12.43,62.14
BSTCIF,iECO BIRCH FORKS 100/PK X 10/CS (1671907) iECO FOURCHETTES EN BOULEAU 100/PK X 10/CS (1671907) UPC Pack: 059212314214 UPC Case: 059212314221,CASE,3.58,35.80
BSTCIFP,iECO BIRCH FORK INDIVIDUALLY WRAPPED PK 500/CS (1692517) iECO FOURCHETTE EN BOULEAU EMBALLE INDIVIDUELLEMENT 500/CS (1692517) UPC Pack: UPC Case: 059212317512,CASE,0.07,32.80
BSTCIK,iECO BIRCH KNIVES 100/PK X 10/CS (1671918) iECO COUTEAUX EN BOULEAU 100/PK X 10/CS (1671918) UPC Pack: 059212314238 UPC Case: 059212314245,CASE,2.62,26.20
BSTCIKP,iECO BIRCH KNIFE INDIVIDUALLY WRAPPED PK 500/CS (1692518) iECO COUTEAU EN BOULEAU EMBALLE INDIVIDUELLEMENT 500/CS (1692518) UPC Pack: UPC Case: 059212317529,CASE,0.05,26.46
BSTCIS,iECO BIRCH SOUP SPOON 100/PK X 10/CS iECO CUILLERE A SOUPE EN BOULEAU 100/PK X 10/CS UPC Pack: 059212317680 UPC Case: 059212317673,CASE,3.98,39.80
BSTCISP,iECO BIRCH SOUPSPOON INDIVIDUALLY WRAPPED PK 500/CS (1692519) iECO CUILLERE A SOUPE EN BOULEAU EMBALLE INDIVIDUELLEMENT 500/CS (1692519) UPC Pack: UPC Case: 059212317666,CASE,0.07,36.86
BSTCKIT5,iECO BIRCH 5PC CUTLERY KIT 250/CS (1692521) iECO ENSEMBLE DE COUTELLERIE 5MCX EN BOULEAU 250/CS (1692521) UPC Pack: UPC Case: 059212318366,CASE,0.15,36.85
BSTCIT,iECO BIRCH TEASPOONS 100/PK X 10/CS (1671927) iECO CUILLERES EN BOULEAU 100/PK X 10/CS (1671927) UPC Pack: 059212314252 UPC Case: 059212314269,CASE,3.54,35.40
BSTCITP,iECO BIRCH TEASPOON INDIVIDUALLY WRAPPED PK 500/CS (1692520) iECO CUILLERE EN BOULEAU EMBALLE INDIVIDUELLEMENT 500/CS (1692520) UPC Pack: UPC Case: 059212317536,CASE,0.07,33.29
BSTCRF,iECO BIRCH FORKS 24/PK X 24/CS iECO FOURCHETTES EN BOULEAU 24/PK X 24/CS UPC Pack: 059212314153 UPC Case: 059212314160,CASE,1.29,30.96
BSTCRK,iECO BIRCH KNIVES 24/PK X 24/CS iECO COUTEAUX EN BOULEAU 24/PK X 24/CS UPC Pack: 059212314177 UPC Case: 059212314184,CASE,1.08,25.92
BSTCRS,IECO BIRCH SOUP SPOON 24/PK x 24/CS IECO CUILLERE A SOUPE EN BOULEAU 24/PQT x 24/CS UPC Pack: 059212322004 UPC Case: 059212322011,CASE,1.03,24.72
BSTCRT,iECO BIRCH TEASPOONS 24/PK X 24/CS iECO CUILLERES EN BOULEAU 24/PK X 24/CS UPC Pack: 059212314191 UPC Case: 059212314207,CASE,1.49,35.76
BSTCKIT,iECO BIRCH CUTLERY KIT INDIVIDUALLY WRAPPED 3PC 250/CS (1692522) iECO ENSEMBLE DE COUTELLERIE EN BOULEAU EMBALLE INDIVIDUELLEMENT 250/CS (1692522) UPC Pack: UPC Case: 059212317543,CASE,0.13,32.17
BSTC360,iECO BIRCH CUTLERY COMBO PACK 360/PK X 6/CS iECO COUTELLERIE ASSORTIE EN BOULEAU 360/PK X 6/CS UPC Pack: 059212318168 UPC Case: 059212318175,CASE,12.62,75.72
BSTCR48,iECO BIRCH CUTLERY COMBO PACK 48/PK X 12/CS iECO COUTELLERIE ASSORTIE EN BOULEAU 48/PK X 12/CS UPC Pack: 059212318182 UPC Case: 059212318199,CASE,2.18,26.16
BZDSER2,CAFE EXPRESS SERVING UTENSILS 4/PK x 36/CS CAFE EXPRESS UTENSILES DE SERVICE 4/PK x 36/CS UPC Pack: 059212994744 UPC Case: 059212994751,CASE,0.59,21.24
BZDSERT,CAFE EXPRESS CLEAR PLASTIC TONGS 2/PK 36/CS CAFE EXPRESS PINCES EN PLASTIQUE CLAIR 2/PK 36/CS UPC Pack: 059212732957 UPC Case: 059212732964,CASE,0.95,34.20
BAG7P15,"iECO 7"" BAGASSE PLATE 15/PK X 24/CS iECO ASSIETTE EN BAGASSE 7"" 15/PK X 24/CS UPC Pack: 059212000667 UPC Case: 059212000728",CASE,1.04,24.96
BAG7P30,"iECO 7"" BAGASSE PLATE 30/PK X 14/CS iECO ASSIETTE EN BAGASSE 7"" 30/PK X 14/CS UPC Pack: 059212312166 UPC Case: 059212312173",CASE,1.78,24.92
BAG9P10,"iECO 9"" BAGASSE PLATE 10/PK X 24/CS iECO ASSIETTE EN BAGASSE 9"" 10/PK X 24/CS UPC Pack: 059212000674 UPC Case: 059212000735",CASE,1.37,32.88
BAG9P1C,"iECO 9"" BAGASSE PLATE 3 COMPARTMENTS 10/PK X 24/CS iECO ASSIETTE EN BAGASSE 9"" AVEC COMPARTIMENTS 10/PK X 24/CS UPC Pack: 059212000681 UPC Case: 059212000742",CASE,1.34,32.16
BAG9P40,"iECO 9"" BAGASSE PLATE 40/PK X 14/CS (1984701) iECO ASSIETTE EN BAGASSE 9"" 40/PK X 14/CS (1984701) UPC Pack: 059212312180 UPC Case: 059212312197",CASE,4.28,59.92
BAG10P8,"iECO 10"" BAGASSE PLATE 8/PK X 24/CS iECO ASSIETTE EN BAGASSE 10"" 8/PK X 24/CS UPC Pack: 059212000698 UPC Case: 059212000759",CASE,1.50,36.00
BAG10P30,"iECO 10"" BAGASSE PLATE 30/PK X 14/CS iECO ASSIETTE EN BAGASSE 10"" 30/PK X 14/CS UPC Pack: 059212312203 UPC Case: 059212312210",CASE,4.30,60.20
BAG10P8C,"iECO 10"" BAGASSE PLATE 3 COMPARTMENT 8/PK X 24/CS iECO ASSIETTE EN BAGASSE 10"" 3 COMPARTIMENTS 8/PK X 24/CS UPC Pack: 059212000704 UPC Case: 059212000766",CASE,1.50,36.00
BAG12B12,iECO 12OZ BAGASSE BOWL 12/PK X 24/CS iECO BOL 12oz EN BAGASSE 12/PK X 24/CS UPC Pack: 059212000711 UPC Case: 059212000773,CASE,1.14,27.36
BAG12B30,iECO 12OZ BAGASSE BOWL 30/PK X 12/CS iECO BOL EN BAGASSE 12OZ 30/PK X 12/CS UPC Pack: 059212312227 UPC Case: 059212312234,CASE,2.28,27.36
BAG12P20,"iECO 12"" BAGASSE PLATTER 20/PK X 12/CS iECO PLATEAU 12"" EN BAGASSE 20/PK X 12/CS UPC Pack: 059212325302 UPC Case: 059212325319",CASE,4.07,48.85
RDISP01,ADJUSTABLE PLATE DISPLAY WITH HEADER 6/CS PRESENTOIR AJUSTABLE POUR ASSIETTES 6/CTN UPC Pack: 059212318403 UPC Case: 059212318397,CASE,3.33,20.00
BPP1010,"CAFE EXPRESS 10"" PAPER PLATES 10/PK X 30/CS CAFE EXPRESS ASSIETTES EN PAPIER 10"" 10/PQT X 30/CS UPC Pack: 059212321236 UPC Case: 059212321243",CASE,1.76,52.80
BPP1050,"CAFE EXPRESS 10"" PAPER PLATES 50/PK X 10/CS CAFE EXPRESS ASSIETTES EN PAPIER 10"" 50/PQT X 10/CS UPC Pack: 059212321250 UPC Case: 059212321267",CASE,6.38,63.80
BPP20B15,CAFE EXPRESS 20OZ PAPER BOWLS 15/PK X 30/CS CAFE EXPRESS BOLS EN PAPIER 20OZ 15/PQT X 30/CS UPC Pack: 059212321274 UPC Case: 059212321281,CASE,1.41,42.30
BPP20B50,CAFE EXPRESS 20OZ PAPER BOWLS 50/PK X 12/CS CAFE EXPRESS BOLS EN PAPIER 20OZ 50/PQT X 12/CS UPC Pack: 059212321298 UPC Case: 059212321304,CASE,4.07,48.84
BPP715,"CAFE EXPRESS 7"" PAPER PLATES 15/PK X 30/CS CAFE EXPRESS ASSIETTES EN PAPIER 7"" 15/PQT X 30/CS UPC Pack: 059212321151 UPC Case: 059212321168",CASE,1.04,31.20
BPP750,"CAFE EXPRESS 7"" PAPER PLATES 50/PK X 16/CS CAFE EXPRESS ASSIETTES EN PAPIER 7"" 50/PQT X 16/CS UPC Pack: 059212321175 UPC Case: 059212321182",CASE,3.18,50.88
BPP8125,"CAFE EXPRESS 8.5"" PAPER PLATES 125/PK X 4/CS CAFE EXPRESS ASSIETTE EN PAPIER DE 8.5"" 125/PQT X 4/CS UPC Pack: 059212322127 UPC Case: 059212322134",CASE,12.05,48.20
BPP8125P,"CAFE EXPRESS 8.5"" PAPER PLATES 125/PK 120/POD CAFE EXPRESS ASSIETTE EN PAPIER DE 8.5"" 125/PQT 120/POD UPC Pack: 059212322127 UPC Case: 059212322547",EACH,11.66,1399.20
BPP815,"CAFE EXPRESS 8.5"" PAPER PLATES 15/PK X 30/CS CAFE EXPRESS ASSIETTES EN PAPIER 8.5"" 15/PQT X 30/CS UPC Pack: 059212321199 UPC Case: 059212321205",CASE,1.42,42.60
BPP850,"CAFE EXPRESS 8.5"" PAPER PLATES 50/PK X 16/CS CAFE EXPRESS ASSIETTES EN PAPIER 8.5"" 50/PQT X 16/CS UPC Pack: 059212321212 UPC Case: 059212321229",CASE,3.94,63.04
BPP652,"GREEN LABEL 6"" PAPER PLATES 60/PACK X 20/CS GREEN LABEL ASSIETTES EN PAPIER 6"" 60/PAQUET X 20/CS UPC Pack: 076955772323 UPC Case: 10076955772320",CASE,2.03,40.60
BPP9A,"GREEN LABEL 9"" PAPER PLATES 100/PK - 1200/CS (345329)(1128273) GREEN LABEL ASSIETTES EN PAPIER 9"" 1200/CS (345329)(1128273) UPC Pack: 076955754701 UPC Case: 10076955754708",CASE,4.23,50.76
BZPL712,"CAFE EXPRESS 7"" PLASTIC PLATES 12/PK x 36/CASE CAFE EXPRESS ASSIETTES EN PLASTIQUE 7"" 12/PK 36/CASE UPC Pack: 059212734722 UPC Case: 059212734739",CASE,1.00,36.00
BZPL910,"CAFE EXPRESS 9"" PLASTIC PLATES 10 X 36/CS CAFE EXPRESS ASSIETTES EN PLASTIQUE 9"" 10 X 36/CS UPC Pack: 059212734319 UPC Case: 059212734340",CASE,1.08,38.88
BZPL1310,CAFE EXPRESS 13OZ PLASTIC BOWLS 10/PK x 36/CASE CAFE EXPRESS BOLS EN PLASTIQUE 13OZ 10/PK x 36/CASE UPC Pack: 059212734760 UPC Case: 059212734777,CASE,1.05,37.80
BZPLC,CAFE EXPRESS 3 PART PLASTIC COMPARTMENT PLATES 5 X 36/CS CAFE EXPRESS ASSIETTES A 3 COMPARTIMENTS EN PLASTIQUE 5 X 36/CS UPC Pack: 059212734579 UPC Case: 059212734593,CASE,1.14,41.04
BZPLP,CAFE EXPRESS PLASTIC OVAL PLATTERS 5 X 36/CS CAFE EXPRESS ASSIETTES OVALES EN PLASTIQUE 5 X 36/CS UPC Pack: 059212734616 UPC Case: 059212734630,CASE,1.10,39.60
BZP1T,CAFE EXPRESS 1oz PLASTIC SHOOTER CUPS 30 X 36/CS CAFE EXPRESS VERRES A LIQUEUR EN PLASTIQUE 1oz 30 X 36/CS UPC Pack: 059212709874 UPC Case: 059212709935,CASE,0.73,26.28
BZP2T,CAFE EXPRESS MINI 2 OZ SHOOTER CUPS (RED) 30/PK X 48/CS CAFE EXPRESS MINI 2 OZ VERRES A LIQUEUR 30/PK X 48/CS UPC Pack: 059212994256 UPC Case: 059212994263,CASE,0.80,38.40
BZP2S,CAFE EXPRESS 2oz SHOOTER CUPS 20/PKx36/CS (1037048) CAFE EXPRESS VERRES A LIQUEUR 2oz 20/PQT x 36/CS UPC Pack: 059212703551 UPC Case: 059212703568,CASE,0.83,29.88
BZP4D,CAFE EXPRESS PLASTIC CHAMPAGNE GLASSES 3 X 24/CS CAFE EXPRESS VERRES DE CHAMPAGNE EN PLASTIQUE 3 X 24/CS UPC Pack: 059212710139 UPC Case: 059212710191,CASE,0.92,22.08
BZP6X,CAFE EXPRESS PLASTIC WINE GLASSES 5 x 36/CS CAFE EXPRESS VERRES A VIN EN PLASTIQUE 5 x 36/CS UPC Pack: 059212710153 UPC Case: 059212710214,CASE,0.84,30.24
BZP5Y,CAFE EXPRESS 5OZ WINE CUP 6/PK X 36/CASE CAFE EXPRESS VERRE A VIN 5OZ 6/PK X 36/CS UPC Pack: 059212989610 UPC Case: 059212989627,CASE,0.92,33.12
BZP5Y24,CAFE EXPRESS 5OZ WINE CUP 24/PK X 24/CASE CAFE EXPRESS VERRE A VIN 5OZ 24/PK X 24/CS UPC Pack: 059212000230 UPC Case: 059212000223,CASE,2.87,68.88
BZP20,CAFE EXPRESS MINI LIQUEUR GLASSES 60ML 20/PK X 24PK/CS CAFE EXPRESS MINI VERRES A LIQUEUR 60ML 20/PK X 24PK/CS UPC Pack: 059212710221 UPC Case: 059212710238,CASE,1.30,31.20
BZP1T50,CAFE EXPRESS 1oz PLASTIC SHOOTER CUPS 50 X 36/CS CAFE EXPRESS VERRES A CUL SEC EN PLASTIQUE 1oz 50 X 36/CS UPC Pack: 059212995413 UPC Case: 059212995420,CASE,1.11,39.96
BZP1T100,CAFE EXPRESS 1oz PLASTIC SHOOTER CUPS 100 X 36/CS CAFE EXPRESS VERRES A CUL SEC EN PLASTIQUE 1oz 100 X 36/CS UPC Pack: 059212995437 UPC Case: 059212995444,CASE,2.10,75.60
BZP6W,CAFE EXPRESS WINE GLASS 6/PK x 24/CASE (1037046) CAFE EXPRESS VERRE A VIN 6/PK x 24/CS UPC Pack: 059212989030 UPC Case: 059212989047,CASE,2.13,51.12
BZP8C,CAFE EXPRESS COCKTAIL GLASS 8/PK X 24/CASE CAFE EXPRESS VERRES A COCKTAIL 8/PK X 24/CASE UPC Pack: 059212930865 UPC Case: 059212930872,CASE,1.78,42.72
BZP8T,CAFE EXPRESS SHORT TUMBLER 8/PK X 24PK/CS CAFE EXPRESS PETIT TUMBLER 8/PK X 24PK/CS UPC Pack: 059212710245 UPC Case: 059212710252,CASE,1.90,45.60
BZP07,CAFE EXPRESS 7oz PLASTIC CUPS 25 X 36/CS CAFE EXPRESS VERRES EN PLASTIQUE 7oz 25 X 36/CS UPC Pack: 059212710030 UPC Case: 059212710085,CASE,0.84,30.24
BZP09,CAFE EXPRESS 9oz PLASTIC CUPS 20 X 36/CS CAFE EXPRESS VERRES EN PLASTIQUE 9oz 20 X 36/CS UPC Pack: 059212710047 UPC Case: 059212710092,CASE,0.88,31.68
BZP012,CAFE EXPRESS 12oz PLASTIC CUPS 15 X 36/CS (1432345) CAFE EXPRESS VERRES EN PLASTIQUE 12oz 15 X 36/CS UPC Pack: 059212710009 UPC Case: 059212710054,CASE,0.89,32.04
BZP016,CAFE EXPRESS 16oz PLASTIC CUPS 10 X 36/CS CAFE EXPRESS VERRES EN PLASTIQUE 16oz 10 X 36/CS UPC Pack: 059212710016 UPC Case: 059212710061,CASE,0.84,30.24
BZP018B,CAFE EXPRESS 18oz BEER (PP) CUPS RED/WHITE 50/PK x 12/CS CAFE EXPRESS VERRES EN PLASTIQUE POUR BIERE ROUGE/BLANC 50/PQT x 12/CS UPC Pack: 059212318663 UPC Case: 059212318670,CASE,4.22,50.64
BZP75,CAFE EXPRESS 7oz PLASTIC CUPS (PP) 50 x 20/CS CAFE EXPRESS VERRES EN PLASTIQUE 7oz (PP) 50 x 20/CS UPC Pack: 059212703308 UPC Case: 059212703315,CASE,1.60,32.00
BZP105,CAFE EXPRESS 9oz PLASTIC CUPS 50 x 20/CS CAFE EXPRESS VERRES EN PLASTIQUE 9oz 50 x 20/CS UPC Pack: 059212703261 UPC Case: 059212703278,CASE,1.94,38.80
BZP165,CAFE EXPRESS 16oz PLASTIC CUPS 50 x 20/CS CAFE EXPRESS VERRES EN PLASTIQUE 16oz 50 x 20/CS UPC Pack: 059212703285 UPC Case: 059212703292,CASE,3.76,75.20
BZPE07,CAFE EXPRESS 7oz PET CUPS 50/PK x 20/CS CAFE EXPRESS VERRES EN PETE 7oz 50/PQT x 20/CS UPC Pack: 059212985001 UPC Case: 059212985018,CASE,2.05,41.00
BZPE09,CAFE EXPRESS 9oz PET CUPS 50/PK x 20/CS CAFE EXPRESS VERRES EN PETE 9oz 50/PQT x 20/CS UPC Pack: 059212985025 UPC Case: 059212985032,CASE,2.60,52.00
BZPE09S,CAFE EXPRESS 9oz SQUAT PET CUPS 50/PK x 20/CS CAFE EXPRESS VERRES EN PETE 9oz 50/PQT x 20/CS UPC Pack: 059212985087 UPC Case: 059212985094,CASE,2.65,53.00
BZPE12,CAFE EXPRESS 12oz PET CUPS 50/PK x 20/CS CAFE EXPRESS VERRES EN PETE 12oz 50/PQT x 20/CS UPC Pack: 059212985100 UPC Case: 059212985117,CASE,3.42,68.40
BZPE16,CAFE EXPRESS 16oz PET CUPS 50/PK x 20/CS (1658915) CAFE EXPRESS VERRES EN PETE 16oz 50/PQT x 20/CS UPC Pack: 059212985186 UPC Case: 059212985193,CASE,5.04,100.80
BZPE16T,CAFE EXPRESS 16OZ TALL PET CUPS 50/PK x 20/CS CAFE EXPRESS VERRES EN PETE GRANDS 16OZ 50/PQT x 20/CS UPC Pack: 059212985308 UPC Case: 059212985315,CASE,4.58,91.60
BZPE20,CAFE EXPRESS 20oz PET CUPS 50/PK x 20/CS CAFE EXPRESS VERRES EN PETE 20oz 50/PQT x 20/CS UPC Pack: 059212985209 UPC Case: 059212985216,CASE,4.78,95.60
BZPE24,CAFE EXPRESS 24oz PET CUPS 50/PK x 20/CS CAFE EXPRESS VERRES EN PETE 24oz 50/PQT x 20/CS UPC Pack: 059212985223 UPC Case: 059212985230,CASE,5.80,116.00
BZPEL78F,CAFE EXPRESS 78mm FLAT LID 50/PK x 20/CS CAFE EXPRESS COUVERCLE PLAT 78mm 50/PQT x 20/CS UPC Pack: 059212985049 UPC Case: 059212985056,CASE,1.01,20.20
BZPEL78S,CAFE EXPRESS 78mm SLOTTED LID 50/PK x 20/CS (1859842) CAFE EXPRESS COUVERCLE AVEC FENTE 78mm 50/PQT x 20/CS (1859842) UPC Pack: 059212985063 UPC Case: 059212985070,CASE,1.01,20.20
BZPEL92D,CAFE EXPRESS 92mm DOME LID W/ HOLE 50/PK x 20/CS CAFE EXPRESS COUVERCLE DOME AVEC TROU 92mm 50/PQT x 20/CS UPC Pack: 059212985162 UPC Case: 059212985179,CASE,1.67,33.40
BZPEL92F,CAFE EXPRESS 92mm FLAT LID 50/PK x 20/CS CAFE EXPRESS COUVERCLE PLAT 92mm 50/PQT x 20/CS UPC Pack: 059212985124 UPC Case: 059212985131,CASE,1.19,23.80
BZPEL92I,CAFE EXPRESS 92MM INSERT 50/PK x 20/CS CAFE EXPRESS 92MM COUPELLES A GARNITURE 50/PQT x 20/CS UPC Pack: 059212985322 UPC Case: 059212985339,CASE,1.26,25.20
BZPEL92P,CAFE EXPRESS 92MM SIP LID 50/PK x 20/CS CAFE EXPRESS 92MM COUVERCLE A BEC 50/PQT x 20/CS UPC Pack: 059212985346 UPC Case: 059212985353,CASE,2.03,40.60
BZPEL92S,CAFE EXPRESS 92mm SLOTTED LID 50/PK x 20/CS (1857113) CAFE EXPRESS COUVERCLE AVEC FENTE 92mm 50/PQT x 20/CS (1857113) UPC Pack: 059212985148 UPC Case: 059212985155,CASE,1.19,23.80
BZPEL99D,CAFE EXPRESS 99mm DOME LID W/ HOLE 50/PK x 20/CS CAFE EXPRESS COUVERCLE EN DOME AVEC TROU 99mm 50/PQT x 20/CS UPC Pack: 059212985285 UPC Case: 059212985292,CASE,1.95,39.00
BZPEL99F,CAFE EXPRESS 99mm FLAT LID 50/PK x 20/CS CAFE EXPRESS COUVERCLE PLAT 99mm 50/PQT x 20/CS UPC Pack: 059212985247 UPC Case: 059212985254,CASE,1.41,28.20
BZPEL99P,CAFE EXPRESS 99MM SIP LID 50/PK x 20/CS CAFE EXPRESS COUVERCLE A SIROTER 99MM 50/PQT x 20/CS UPC Pack: 059212985360 UPC Case: 059212985377,CASE,2.14,42.80
BZPEL99S,CAFE EXPRESS 99mm SLOTTED LID 50/PK x 20/CS (1859802) CAFE EXPRESS COUVERCLE AVEC FENTE 99mm 50/PQT x 20/CS (1859802) UPC Pack: 059212985261 UPC Case: 059212985278,CASE,1.41,28.20
BZPEP1T30,CAFE EXPRESS 1OZ PET SHOOTER GLASS 30/PK X 36/CS CAFE EXPRESS 1OZ PET VERRES A LIQUEUR PK30 X 36/CS UPC Pack: 059212323056 UPC Case: 059212323063,CASE,0.69,24.97
BZPEP2T30,CAFE EXPRESS 2OZ PET SHOOTER GLASS 30/PK X 36/CS CAFE EXPRESS 2OZ PET VERRES A LIQUEUR PK30 X 36/CS UPC Pack: 059212323070 UPC Case: 059212323087,CASE,0.93,33.46
BZP016B,CAFE EXPRESS 16oz PLASTIC BEER CUPS RED/WHITE 10x48/CS(1037047) CAFE EXPRESS VERRES EN PLASTIQUE POUR BIERE ROUGE/BLANC 10x48/CS UPC Pack: 059212703674 UPC Case: 059212703681,CASE,0.89,42.72
BZP016B1,CAFE EXPRESS 16oz PS CUPS RED/WHITE 50/PK x 20/CS CAFE EXPRESS VERRES PLASTIQUE POUR BIERE ROUGE/BLANC 50x20/CS UPC Pack: 059212994294 UPC Case: 059212994300,CASE,4.11,82.20
BZP016W,CAFE EXPRESS 16oz BEER (PP) CUPS BLUE/WHITE 10x48/CS CAFE EXPRESS 16oz VERRES POUR BIERE BLEU/BLANC 10x48/CS UPC Pack: 059212710023 UPC Case: 059212710078,CASE,0.91,43.68
BZP016C,CAFE EXPRESS 16oz PLASTIC CUPS 10/PK 18 RED AND 18 GREEN PKS/CASE CAFE EXPRESS VERRES EN PLASTIQUE 16oz 10/PQT 18 PQT ROUGE/18 PQT VERT//CAISSE UPC Pack: 059212703698 UPC Case: 059212703704,CASE,0.88,31.68
BZP016PB,CAFE EXPRESS 16oz PLASTIC CUPS 10/PK 18PINK AND 18BLUE PK/CASE CAFE EXPRESS VERRES EN PLASTIQUE 16oz 10/PQT - 18 PQT ROSE /18 PQT BLEU /CS UPC Pack: 059212998797 UPC Case: 059212998803,CASE,0.88,31.68
BZPS4C,CAFE EXPRESS WAVE CHAMPAGNE GLASS 4/PK X 24/CS (1037045) CAFE EXPRESS VERRE A CHAMPAGNE DESIGN 4/PK X 24/CS UPC Pack: 059212989412 UPC Case: 059212989429,CASE,2.10,50.40
BZPS4W,CAFE EXPRESS WAVE WINE GLASS 4/PK X 24/CS CAFE EXPRESS VERRE A VIN DESIGN 4/PK X 24/CS UPC Pack: 059212989399 UPC Case: 059212989405,CASE,2.19,52.56
BZP117,ARGENTIA RIDGE MODERN WINE GLASS 117/PK (1089824) ARGENTIA RIDGE VERRES A VIN MODERNES 117/PK (1089824) UPC Pack: 059212991347 UPC Case: 059212991354,EACH,16.85,67.40
BZP40C,ARGENTIA RIDGE PLASTIC CRYSTAL CHAMPAGNE GLASS 40/PK X 4/CS (1089802) ARGENTIA RIDGE VERRES A CHAMPAGNE EN PLASTIQUE CRYSTAL 40/PK X 4/CS (1089802) UPC Pack: 059212991361 UPC Case: 059212991378,EACH,17.82,71.28
BZP40W,ARGENTIA RIDGE PLASTIC CRYSTAL WINE GLASS 40/PK X 4/CS ARGENTIA RIDGE VERRES A VIN EN PLASTIQUE CRYSTAL 40/PK X 4/CS UPC Pack: 059212991385 UPC Case: 059212991392,EACH,18.48,73.92
BZP24W,ARGENTIA RIDGE STEMLESS WINE GLASS 24/PK (1367259) ARGENTIA RIDGE VERRES EN PLASTIQUE 24/PK (1367259) UPC Pack: 059212001626 UPC Case: 059212001633,EACH,22.97,91.88
MWCA6T,ARGENTIA RIDGE CABERNET SAUVIGNON 2X6L (2619277) CABERNET SAUVIGNON ARGENTIA RIDGE 2X6L (2619277) UPC Pack: 059212706521 UPC Case:,EACH,94.00,94.00
MWCH6T,ARGENTIA RIDGE CHARDONNAY 2X6L (6551699) CHARDONNAY ARGENTIA RIDGE 2X6L (6551699) UPC Pack: 059212706538 UPC Case:,EACH,94.00,94.00
MWME6T,ARGENTIA RIDGE MERLOT 2X6L (6551599) MERLOT ARGENTIA RIDGE 2X6L (6551599) UPC Pack: 059212706545 UPC Case:,EACH,100.54,100.54
MWPG6T,ARGENTIA RIDGE PINOT GRIGIO BROWN BOX 2x6L (1571807)) PINOT GRIGIO ARGENTIA RIDGE BOITE BRUN 2 x 6L (1571807)) UPC Pack: 059212706552 UPC Case:,EACH,94.00,94.00
MWPN6T,ARGENTIA RIDGE PINOT NOIR 2X6L (1571808)) PINOT NOIR ARGENTIA RIDGE 2X6L (1571808) UPC Pack: 059212706569 UPC Case:,EACH,100.54,100.54
BZP48W,ARGENTIA RIDGE WINE GLASS 48/PK x 4/CASE (1051208) ARGENTIA RIDGE VERRE A VIN 48/BTE x 4/CS UPC Pack: 059212989054 UPC Case: 059212989061,EACH,14.37,57.48
BPPF1205,CAFE EXPRESS 12OZ PRINTED SINGLE WALL COLD CUPS 25/PK X 20/CS (1097412) CAFE EXPRESS 12OZ GOBELETS FROID IMPRIME 25/PQT X 20/CS (1097412) UPC Pack: 059212319646 UPC Case: 059212319653,CASE,1.84,36.80
BPPF1605,CAFF EXPRESS 16OZ PRINTED SINGLE WALL COLD CUPS 25/PK X 20/CS (1097416) CAFE EXPRESS 16OZ GOBELETS FROID IMPRIME 25/PQT X 20/CS (1097416) UPC Pack: 059212319660 UPC Case: 059212319677,CASE,2.11,42.26
BPPF2205,CAFE EXPRESS 22OZ PRINTED SINGLE WALL COLD CUPS 25/PK X 20/CS (1926737) CAFE EXPRESS 22OZ GOBELETS FROID IMPRIME 25/PQT X 20/CS (1926737) UPC Pack: 059212319684 UPC Case: 059212319691,CASE,2.49,49.86
BPPF905,CAFE EXPRESS 9OZ PRINTED SINGLE WALL COLD CUPS 25/PK X 20/CS (1097409) CAFE EXPRESS 9OZ GOBELETS FROID IMPRIME 25/PQT X 20/CS (1097409) UPC Pack: 059212319622 UPC Case: 059212319639,CASE,1.46,29.18
BPPS405W,CAFE EXPRESS 4OZ SINGLE WALL HOT CUP 25/PK X 20/CS CAFE EXPRESS GOBELETS DE 4OZ A PAROI UNIQUE 25/PQT X 20/CS UPC Pack: 059212318564 UPC Case: 059212318571,CASE,0.78,15.60
BPPFL805S,CAFE EXPR. PET X-SLOT LIDS 80MM (9oz) 50/PK X 10/CS (1097280) CAFE EXPRESS PET COUVERCLES 80MM 50/PQT X 10/CS ( 1097280) UPC Pack: 059212319707 UPC Case: 059212319714,CASE,0.98,9.83
BPPFL905D,CAFE EXPRESS PET DOME LIDS 90MM (12/16/22) 50/PK X 10/CS CAFE EXPRESS PET COUVERCLES DOME 90MM 50/PQT X 10/CS UPC Pack: 059212319745 UPC Case: 059212319752,CASE,1.68,16.83
BPPFL905P,CAFE EXPRESS PAPER LID COLD CUP (12/16/22) 90MM 50/PK X 10/CS CAFE EXPRESS COUVERCLE EN PAPIER POUR BREUVAGE FROID 90MM 50/PQT X 10/CS UPC Pack: 059212320512 UPC Case: 059212320543,CASE,2.75,27.48
BPPFL905S,CAFE EXPR. PET X- SLOT LIDS 90MM (12/16/22) 50/PK X 10/CS (1097290) CAFE EXPRESS PET COUVERCLES 90MM 50/PQT X 10/CS (1097290) UPC Pack: 059212319721 UPC Case: 059212319738,CASE,1.13,11.28
BPPH1005,CAFE EXPRESS 10OZ SINGLE RIPPLE CUPS 25/PK X 20/CS CAFE EXPRESS 10OZ GOBELETS ISOLANTS ONDULES A SIMPLE PAROI 25/PQT X 20/CS UPC Pack: 059212320536 UPC Case: 059212320529,CASE,2.17,43.31
BPPH1205,CAFE EXPRESS 12OZ SINGLE RIPPLE CUPS 25/PK X 20/CS CAFE EXPRESS 12OZ GOBELETS ONDULES 25/PQT X 20/CS UPC Pack: 059212320567 UPC Case: 059212320550,CASE,2.38,47.62
BPPH1605,CAFE EXPRESS 16OZ SINGLE RIPLLE CUPS 25/PK X 20/CS CAFE EXPRESS 16OZ GOBELETS ISOLANTS ONDULES A SIMPLE PAROI 25/PQT X 20/CS UPC Pack: 059212320598 UPC Case: 059212320581,CASE,2.82,56.40
BPPH2005,CAFE EXPRESS 20OZ SINGLE RIPPLE CUPS 25/PK X 20/CS CAFE EXPRESS 20OZ GOBELETS ISOLANTS ONDULES A SIMPLE PAROI 25/PQT X 20/CS UPC Pack: 059212320628 UPC Case: 059212320611,CASE,3.21,64.26
BPPH8005,CAFE EXPRESS 8OZ SINGLE RIPPLE CUPS 25/PK X 20/CS CAFE EXPRESS 8OZ GOBELETS ISOLANTS ONDULES A SIMPLE PAROI 25/PQT X 20/CS UPC Pack: 059212320659 UPC Case: 059212320642,CASE,1.88,37.68
BPPLSIP,CAFE EXPRESS PET SIP LID 91mm 50/PK x 20/CS (1658219) CAFE EXPESS COUVERCLE EN PET 91mm 50/PK x 20/CS (1658219) UPC Pack: 059212321335 UPC Case: 059212312494,CASE,1.60,32.03
BPP03,CAFE EXPRESS 3oz PAPER CUPS 30/PK x 36/CS CAFE EXPRESS 3oz VERRES EN PAPIER 30/PQT x 36/CS UPC Pack: 059212705845 UPC Case: 059212705852,CASE,0.60,21.60
BPPS1205W,CAFE EXPRESS 12OZ WHITE HOT CUPS SINGLE WALL 25/SLEEVE X 20/CS CAFE EXPRESS 12OZ GOBELETS A PAROI UNIQUE 25/HOUSSE x 20/CS UPC Pack: 059212314436 UPC Case: 059212314443,CASE,2.25,45.00
BPPS1605W,CAFE EXPRESS 16OZ WHITE HOT CUPS SINGLE WALL 25/SLEEVE X 20/CS CAFE EXPRESS 16OZ GOBELETS A PAROI UNIQUE 25/HOUSSE x 20/CS UPC Pack: 059212314450 UPC Case: 059212314467,CASE,2.53,50.60
BPPS1005W,CAFE EXPRESS 10OZ WHITE HOT CUPS 25/SLV/20/CS CAFE EXPRESS 10OZ GOBELETS A PAROI UNIQUE 25/HOUSSE x 20/CS UPC Pack: 059212314412 UPC Case: 059212314429,CASE,2.02,40.40
BPPS2005W,CAFE EXPRESS 20OZ WHITE HOT CUPS SINGLE WALL 25/SLEEVE x 20/CS CAFE EXPRESS 20OZ GOBELETS A PAROI UNIQUE 25/HOUSSE x 20/CS UPC Pack: 059212317475 UPC Case: 059212317482,CASE,3.05,61.05
BPPS805W,CAFE EXPRESS 8OZ WHITE HOT CUPS SINGLE WALL 100/PK x 5PK/CS CAFE EXPRESS 8OZ GOBELETS A PAROI UNIQUE 100/PK x 5PK/CS UPC Pack: 059212317451 UPC Case: 059212317468,CASE,8.02,40.08
BPPS805SW,CAFE EXPRESS 8 OZ SQUAT WHITE SINGLE WALL CUPS 25/PK x 20/cs CAFE EXPRESS VERRE A PAROI UNIQUE 8oz COURT BLANC 25/PQT x 20/CS UPC Pack: 059212319127 UPC Case: 059212319110,CASE,1.71,34.20
BPP04H,CAFE EXPRESS 4oz PAPER CUPS W/HANDLE 20/PK x 36/CS CAFE EXPRESS 4oz VERRES EN PAPIER A/POIGNEE 20/PQT x 36/CS UPC Pack: 059212705869 UPC Case: 059212705876,CASE,0.82,29.52
BPP010,CAFE EXPRESS 10oz PAPER CUPS 15/PK x 36/CS CAFE EXPRESS 10oz VERRES EN PAPIER 15/PQT x 36/CS UPC Pack: 059212705906 UPC Case: 059212705913,CASE,1.07,38.52
BPPW4,CAFE EXPRESS 4oz WAVE RIPPLE CUP 12/PK X 24/CS CAFE EXPRESS 4oz GOBELETS ONDULES 12/PK X24/CS UPC Pack: 059212995833 UPC Case: 059212995895,CASE,1.24,29.76
BPPW8CL,CAFE EXPRESS 8oz WAVE RIPPLE CUP & LIDS 10/PK X 24/CS CAFE EXPRESS 8oz GOBELETS ONDULES ET COUVERCLES 10/PK X24/CS UPC Pack: 059212995840 UPC Case: 059212995901,CASE,1.83,43.92
BPPW10CL,CAFE EXPRESS 10oz WAVE RIPPLE CUP & LIDS 8/PK X 24/CS CAFE EXPRESS 10oz GOBELETS ONDULES ET COUVERCLES 8/PK X24/CS UPC Pack: 059212995857 UPC Case: 059212995918,CASE,1.59,38.16
BPPW12CL,CAFE EXPRESS 12oz WAVE RIPPLE CUP & LIDS 7/PK X 24/CS CAFE EXPRESS 12oz GOBELETS ONDULES ET COUVERCLES 7/PK X24/CS UPC Pack: 059212995864 UPC Case: 059212995925,CASE,1.73,41.52
BPPW16CL,CAFE EXPRESS 16oz WAVE RIPPLE CUP & LIDS 6/PK X 24/CS CAFE EXPRESS 16oz GOBELETS ONDULES ET COUVERCLES 6/PK X 24/CS UPC Pack: 059212995888 UPC Case: 059212995949,CASE,2.02,48.48
BPPW1224,CAFE EXPRESS 12oz WAVE RIPPLE CUPS & LIDS 24/PK X 6/CS CAFE EXPRESS 12oz GOBELETS ONDULES ET COUVERCLES 24/PK X 6/CS UPC Pack: 059212995871 UPC Case: 059212995932,CASE,4.79,28.74
BZOC1,CAFE EXPRESS 8OZ SQUARE BOWLS WHITE 4/PK 24/CS CAFE EXPRESS BOLS CARRES BLANC 8OZ 4/PK 24/CS UPC Pack: 059212737792 UPC Case: 059212737808,CASE,0.89,21.36
BZOC1C,CAFE EXPRESS 8OZ SQUARE BOWLS CLEAR 4/PK 24/CS CAFE EXPRESS BOLS CARRES TRANSPARENTS 8OZ 4/PK 24/CS UPC Pack: 059212737952 UPC Case: 059212737969,CASE,0.93,22.32
BZOC2,CAFE EXPRESS 16OZ SQUARE BOWLS WHITE 3/PK 24/CS CAFE EXPRESS BOLS CARRES BLANC 16OZ 3/PK 24/CS UPC Pack: 059212737815 UPC Case: 059212737822,CASE,1.04,24.96
BZOC2C,CAFE EXPRESS 16OZ SQUARE BOWLS CLEAR 3/PK 24/CS CAFE EXPRESS BOLS CARRES TRANSPARENTS 16OZ 3/PK 24/CS UPC Pack: 059212737976 UPC Case: 059212737983,CASE,1.04,24.96
BZOC3,CAFE EXPRESS 32OZ SQUARE BOWLS WHITE 2/PK 24/CS CAFE EXPRESS BOLS CARRES BLANC 32OZ 2/PK 24/CS UPC Pack: 059212737839 UPC Case: 059212737846,CASE,1.56,37.44
BZOC3C,CAFE EXPRESS 32OZ SQUARE BOWLS CLEAR 2/PK 24/CS CAFE EXPRESS BOLS CARRES TRANSPARENTS 32OZ 2/PK 24/CS UPC Pack: 059212737990 UPC Case: 059212738003,CASE,1.56,37.44
BZOC4,CAFE EXPRESS 64OZ SQUARE BOWLS WHITE 24/CS CAFE EXPRESS BOLS CARRES BLANC 64OZ 24/CS UPC Pack: 059212737853 UPC Case: 059212737860,CASE,1.29,30.96
BZOC4C,CAFE EXPRESS 64OZ SQUARE BOWLS CLEAR 24/CS CAFE EXPRESS BOLS CARRES TRANSPARENTS 64OZ 24/CS UPC Pack: 059212738010 UPC Case: 059212738027,CASE,1.29,30.96
BZOC5,CAFE EXPRESS 128 OZ SQUARE BOWLS WHITE 24/CS CAFE EXPRESS BOLS CARRES BLANC 128 OZ 24/CS UPC Pack: 059212737877 UPC Case: 059212737884,CASE,2.08,49.92
BZOC5C,CAFE EXPRESS 128 OZ SQUARE BOWLS CLEAR 24/CS CAFE EXPRESS BOLS CARRES TRANSPARENTS 128 OZ 24/CS UPC Pack: 059212738034 UPC Case: 059212738041,CASE,2.20,52.80
BZPR7,"CAFE EXPRESS ELITE 7"" RECT PLASTIC PLATE 5/PK X 36/CASE CAFE EXPRESS ELITE 7"" ASSIETTE PLAS RECT 5/PK X 36/CS UPC Pack: 059212988675 UPC Case: 059212988682",CASE,1.88,67.68
BZPR9,"CAFE EXPRESS ELITE 9"" RECT PLASTIC PLATE 3/PK X 36/CASE CAFE EXPRESS ELITE 9"" ASSIETTE PLAST RECT 3/PK X 36/CS UPC Pack: 059212988699 UPC Case: 059212988705",CASE,1.91,68.76
BZPR11,"CAFE EXPRESS ELITE 11"" RECT PLASTIC PLATE 2/PK X 36/CASE CAFE EXPRESS ELITE 11"" ASSIETTE PLAST RECT 2/PK X 36/CS UPC Pack: 059212988712 UPC Case: 059212988729",CASE,2.20,79.20
BZPS3TP,CAFE EXPRESS TASTER PLATE 3/PK x 24/CS CAFE EXPRESS PLATS DEGUSTATION 3/PK x 24/CS UPC Pack: 059212989351 UPC Case: 059212989368,CASE,0.73,17.52
BZOT2,"C.E. ELITE 12"" CLEAR ROUND POLYSTYRENE TRAY 25/CS C.E. ELITE 12"" PLATEAU ROND POLYSTYRENE TRANSPARENT 25/CS UPC Pack: 059212737495 UPC Case: 059212737501",CASE,1.17,29.25
BZOT3,"C.E. ELITE 14"" CLEAR ROUND POLYSTYRENE TRAY 25/CS C.E. ELITE 14"" PLATEAU ROND POLYSTYRENE, TRANSPARENT 25/CS UPC Pack: 059212737518 UPC Case: 059212737525",CASE,1.57,39.25
BZOT4,"C.E. ELITE 16""CLEAR ROUND POLYSTYRENE TRAY 25/CS C.E. ELITE 16"" PLATEAU ROND POLYSTYRENE, TRANSPARENT 25/CS UPC Pack: 059212737532 UPC Case: 059212737549",CASE,1.83,45.75
BZOT1,"C.E. ELITE 9""x13"" CLEAR POLYSTYRENE SERVING PLATES 25/CS C.E. ELITE 9""x13"" PLATEAU DE SERVICE TRANSPARENT 25/CS UPC Pack: 059212737471 UPC Case: 059212737488",CASE,0.93,23.25
BZOB5B,C.E. ELITE 5 OZ CLEAR POLYSTYRENE BOWL 15/PK x 24/CS C.E. ELITE BOLS TRANSPARENTES 5 OZ 15/PK x 24/CS UPC Pack: 059212996557 UPC Case: 059212996564,CASE,1.43,34.32
BZOP16,"C.E. ELITE 10"" CLEAR POLYSTYRENE PLATES 6/PK x 24/CS C.E. ELITE ASSIETTES TRANSPARENTES 10"" POLYSTYRENE 6/PK x 24/CS UPC Pack: 059212996533 UPC Case: 059212996540",CASE,2.41,57.84
BZOP9,"C.E. ELITE 9"" CLEAR POLYSTYRENE PLATES 8/PK x 24/CS C.E. ELITE ASSIETTES TRANSPARENTES 9"" POLYSTYRENE 8/PK x 24/CS UPC Pack: 059212996519 UPC Case: 059212996526",CASE,2.15,51.60
BZOP7,"C.E. ELITE 7"" CLEAR POLYSTYRENE PLATES 10/PK x 24/CS C.E. ELITE ASSIETTES TRANSPARENTES 7"" POLYSTYRENE 10/PK x 24/CS UPC Pack: 059212996496 UPC Case: 059212996502",CASE,2.02,48.48
BZOB10B,C.E. ELITE 10 OZ CLEAR POLYSTYRENE BOWL 10/PK x 24/CS C.E. ELITE BOLS TRANSPARENTES 10 OZ 10/PK x 24/CS UPC Pack: 059212996458 UPC Case: 059212996465,CASE,1.76,42.24
BZOB48,C.E. ELITE CLEAR POLYSTYRENE 48 OZ SALAD BOWL 1/PK x 50/CS C.E. ELITE BOLS TRANSPARENTS POLYSTYRENE 48 OZ 1/PK x 50/CS UPC Pack: 059212996571 UPC Case: 059212996588,CASE,0.64,32.00
BZOB96,C.E. ELITE CLEAR POLYSTYRENE 96 OZ SALAD BOWL 1/PK x 36/CS C.E. ELITE BOLS TRANSPARENTS POLYSTYRENE 96 OZ 1/PK x 36/CS UPC Pack: 059212996595 UPC Case: 059212996601,CASE,1.12,40.32
BZOB150,C.E. ELITE CLEAR POLYSTYRENE 150 OZ SALAD BOWL 1/PK x 24/CS C.E. ELITE BOLS TRANSPARENTS POLYSTYRENE 150 OZ 1/PK x 24/CS UPC Pack: 059212996618 UPC Case: 059212996625,CASE,1.87,44.88
BZOG1,C.E. ELITE 12 OZ CLEAR POLYSTYRENE TUMBLER 12/PK x 20/CS C.E. ELITE VERRES POLYSTYRENE 12 OZ TRANSPARENT 12/PQTx20/CS UPC Pack: 059212737372 UPC Case: 059212737389,CASE,1.64,32.80
BZOG2,C.E. ELITE 8 OZ CLEAR POLYSTYRENE WINE GLASS 8/PK x 24/CS C.E. ELITE VERRES A VIN 8 OZ TRANSPARENT POLYSTYRENE 8/PQTx24/CS UPC Pack: 059212737396 UPC Case: 059212737402,CASE,2.13,51.12
BZOG5,C.E. ELITE 5 OZ CLEAR POLYSTYRENE TUMBLER 20/PK x 24/CS C.E. ELITE 5 OZ VERRES POLYSTYRENE TRANSPARENTS 20/PK x 24/CS UPC Pack: 059212000377 UPC Case: 059212000384,CASE,1.26,30.24
BZOG7,C.E. ELITE 7 OZ CLEAR POLYSTYRENE TUMBLER 15/PK x 24/CS C.E. ELITE 7 OZ VERRES POLYSTYRENE TRANSPARENTS 15/PK x 24/CS UPC Pack: 059212000391 UPC Case: 059212000407,CASE,1.22,29.28
BZOG9,C.E. ELITE 9 OZ CLEAR POLYSTYRENE TUMBLER 12/PK x 24/CS C.E. ELITE VERRES TRANSPARENTES 9 OZ (PS) 12/PK x 24/CS UPC Pack: 059212996472 UPC Case: 059212996489,CASE,1.27,30.48
BZOG10,C.E. ELITE 10 OZ CLEAR POLYSTYRENE TUMBLER 12/PK x 24/CS C.E. ELITE 10 OZ VERRES POLYSTYRENE TRANSPARENTS 12/PK x 24/CS UPC Pack: 059212000414 UPC Case: 059212000421,CASE,1.30,31.20
BZOG14,C.E. ELITE 14 OZ CLEAR POLYSTYRENE TUMBLER 10/PK x 24/CS C.E. ELITE 14 OZ VERRES POLYSTYRENE TRANSPARENTS 10/PK x 24/CS UPC Pack: 059212000438 UPC Case: 059212000445,CASE,1.75,42.00
MSSC2,RESTO 2OZ STAINLESS STEEL SAUCE CUPS 24/PK RESTO CONTENANT DE SAUCE ACIER INOXYDABLE 2OZ 24/PK UPC Pack: 059212993112 UPC Case: 059212993129,CASE,0.26,6.24
MSSC4,RESTO 4OZ STAINLESS STEELSAUCE CUPS 24/PK RESTO CONTENANT DE SAUCE ACIER INOXYDABLE 4OZ 24/PK UPC Pack: 059212993143 UPC Case: 059212993150,CASE,0.36,8.64
MSSB3T5,RESTO 3.5L STAINLESS STEEL BOWL 5/PK (1084251) RESTO 3.5L BOLS MELANGEURS ACIER INOXYDABLE 5/PQ (1084251) UPC Pack: 059212992818 UPC Case: 059212992825,EACH,10.60,63.60
MSSB6T4,RESTO 6.31L STAINLESS STEEL BOWL 4/PK (1058882) RESTO 6.31L BOLS MELANGEURS ACIER INOXYDABLE 4/PQ (1058882) UPC Pack: 059212992832 UPC Case: 059212992849,EACH,16.55,99.30
MSSB8T3,RESTO 8.42L STAINLESS STEEL BOWL 3/PK (1086731) RESTO 8.4L BOLS MELANGEURS ACIER INOXYDABLE 3/PQ (1086731) UPC Pack: 059212992856 UPC Case: 059212992863,EACH,13.63,81.78
MSSB13T2,RESTO 13.7L STAINLESS STEEL BOWL 2/PK (1087084) RESTO 13.7L BOLS MELANGEURS ACIER INOXYDABLE 2/PQ (1087084) UPC Pack: 059212992795 UPC Case: 059212992801,EACH,11.65,69.90
BBC081,TITAN GIANT (WHITE) BAKING CUPS 80/PK x 48/CS TITAN MOULES A GATEAUX GEANTS (BLANC) 80/PQT x 48/CS UPC Pack: 059212970847 UPC Case: 059212970854,CASE,0.67,32.16
BBC102,TITAN LARGE BAKING CUPS 100/PK x 48/CS TITAN MOULES A GATEAUX GRANDS 100/PQT x 48/CS UPC Pack: 059212970885 UPC Case: 059212970892,CASE,0.67,32.16
BBC125,TITAN MEDIUM BAKING CUPS 125/PK x 48/CS TITAN MOULES A GATEAUX MOYENS 125/PQT x 48/CS UPC Pack: 059212970809 UPC Case: 059212970816,CASE,0.66,31.68
BBC151,TITAN SMALL BAKING CUPS 150/PK x 48/CS TITAN MOULES A GATEAUX PETITS 150/PQT x 48/CS UPC Pack: 059212970908 UPC Case: 059212970915,CASE,0.57,27.36
BBCP90,PASTEL BAKING CUPS 3 COLORS 90/PK x 24/CS MOULES A GATEAUX PASTEL 3 COULEURS 90/PK X 24/CS UPC Pack: 059212321915 UPC Case: 059212321922,CASE,0.87,20.88
CCB12,COOKINA BBQ SHEET 12/CS COOKINA BBQ FEUILLE 12/CS UPC Pack: 688864241663 UPC Case: 70688864241617,CASE,8.61,103.32
CCB24,COOKINA BBQ SHEET 24/CS COOKINA FEUILLE BARBECUE 24/CS UPC Pack: 688864241663 UPC Case: 059212328211,CASE,8.61,206.64
CCC12,COOKINA CUISINE SHEET 12/CS COOKINA CUISINE FEUILLE 12/CS UPC Pack: 688864092739 UPC Case: 70688864092394,CASE,8.00,96.00
CCG12,COOKINA GARD SHEET 12/CS COOKINA GARD FEUILLE 12/CS UPC Pack: 688864164382 UPC Case: 70688864164916,CASE,7.78,93.36
CCG24,COOKINA GARD SHEET 24/CS COOKINA GARD FEUILLE 24/CS UPC Pack: 688864164382 UPC Case: 20688864164393,CASE,7.00,168.00
CCKB24,COOKINA BBQ PAKS 24/CS COOKINA BBQ SACHETS 24/CS UPC Pack: 688864265959 UPC Case: 20688864265953,CASE,0.96,22.95
CCL24,COOKINA CLUB SHEET 24/CS COOKINA CLUB FEUILLE 24/CS UPC Pack: 688864164396 UPC Case: 20688864169343,CASE,9.10,218.40
CCMB10,COOKINA BBQ GUARD 10/CS COOKINA BARBECUE GARDE 10/CS UPC Pack: 059212319387 UPC Case: 059212319394,CASE,5.69,56.90
CCP12,COOKINA PARCHMINUM SHEET 12/CS COOKINA FEUILLE PARCHEMIN 12/CS UPC Pack: 688864265942 UPC Case: 70688864265941,CASE,7.78,93.36
CCS12,COOKINA SILICONE SHEET 12/CS COOKINA FEUILLE EN SILICONE 12/CS UPC Pack: 688864136785 UPC Case: 70688864164015,CASE,5.00,60.00
CCSB12,COOKINA SQUARE BBQ MESH 12/CS COOKINA CARRE BARBECUE MAILLE 12/CS UPC Pack: 688864092715 UPC Case: 30688864164413,CASE,8.33,99.96
CCSB24,COOKINA SQUARE BBQ MESH 24/CS COOKINA CARRE BARBECUE FILET 24/CS UPC Pack: 688864092715 UPC Case: 20688864241773,CASE,7.50,180.00
FMISC10,COOKINA Z-DISPLAY W/ 2xCCB24 & 1xCCSB24 PRESENTOIR COOKINA AVEC 2xCCB24 & 1xCCSB24 UPC Pack: UPC Case:,EACH,324.00,324.00
BBPAF16,TITAN PARCHMENT PAPER FOR AIR FRYER 16.5CM 50/PK X 12/CS TITAN PAPIER PARCHEMIN POUR FRITEUSE A AIR CHAUD 16.5CM 50/PK X 12/CS UPC Pack: 059212319554 UPC Case: 059212319561,CASE,2.62,31.42
BBPAF16C,TITAN PARCHMENT PAPER FOR AIR FRYER CROWN 16.5CM 50/PK X 12/CS TITAN PAPIER PARCHEMIN POUR FRITEUSE A AIR CHAUD CARRE 16.5CM 50/PK X 12/CS UPC Pack: 059212319592 UPC Case: 059212319608,CASE,2.77,33.20
BBPAF19,TITAN PARCHMENT PAPER FOR AIR FRYER 19.5CM 50/PK X 12/CS TITAN PAPIER PARCHEMIN POUR FRITEUSE A AIR CHAUD 19.5CM 50/PK X 12/CS UPC Pack: 059212319578 UPC Case: 059212319585,CASE,3.62,43.45
BBP151,TITAN BAKING PAPER 42 cm x 62 cm - 6/PACK x 36/CS TITAN PAPIER A CUISSON 42 cm x 62 cm - 6/PAQUET x 36/CS UPC Pack: 059212970014 UPC Case: 059212970038,CASE,0.94,33.84
BBP153,PARCHMENT PAPER - 42cm x 31cm - 12/PACK x 36/CS PAPIER A CUISSON - 42cm x 31cm - 12/PK x 36/CAISSE UPC Pack: 059212970922 UPC Case: 059212970939,CASE,0.89,32.04
BBP154,TITAN PARCHMENT SHEETS 27 X 30CM 40/BOX 24/CASE TITAN FEUILLES DE PAPIER PARCHEMIN 27 X 30CM 40/BOITE X 24/CAISSE UPC Pack: 059212320222 UPC Case: 059212320239,CASE,1.72,41.17
BBP155,TITAN PARCHMENT SHEETS 42 X 31CM 40/BOX X 24/CASE TITAN FEUILLES DE PAPIER PARCHEMIN 42 X 31CM 40/BOITE X 24/CAISSE UPC Pack: 059212320437 UPC Case: 059212320444,CASE,2.47,59.28
BBP1534,TITAN NON BLEACHED PARCHMENT PAPER - 38CM X 22.9 12/CS TITAN PAPIER PARCHEMIN NON BLANCHI - 38CM X 22.9M 12/CS UPC Pack: 059212322721 UPC Case: 059212322738,CASE,2.49,29.91
BBPCB,TITAN BLUE CHECKERED PAPER 2000/CS TITAN PAPIER DAMIER BLEU 2000/CS UPC Pack: 059212322264 UPC Case:,EACH,37.22,148.88
BBPCBK,TITAN BLACK CHECKERED PAPER 2000/CS TITAN PAPIER DAMIER NOIR 2000/CS UPC Pack: 059212322288 UPC Case:,EACH,37.22,148.88
BBPCG,TITAN GREEN CHECKERED PAPER 2000/CS TITAN PAPIER DAMIER VERT 2000/CS UPC Pack: 059212322271 UPC Case:,EACH,37.22,148.88
BBPCR,TITAN RED CHECKERED PAPER 2000/CS TITAN PAPIER DAMIER ROUGE 2000/CS UPC Pack: 059212322257 UPC Case:,EACH,37.21,148.84
BBWP,"TITAN WAX PAPER 12"" x 25' 24/CS TITAN PAPIER CIRE 12"" X 25' 24/CS UPC Pack: 059212970403 UPC Case: 059212970427",CASE,1.05,25.20
BPWAX,"TITAN 12"" X 328' WAX PAPER 12/CASE TITAN PAPIER CIRE 12"" X 328' 12/CASE UPC Pack: 059212310629 UPC Case: 059212311480",CASE,6.43,77.16
BBP1D534,TITAN NON BLEACHED PARCHMENT PAPER - 38CM X 22.86M - 70/DISPLAY TITAN PAPIER PARCHEMIN NON BLANCHI - 38CM X 22.86M - 70/DISPLAY UPC Pack: 059212322721 UPC Case: 059212322745,CASE,174.48,174.48
BBP1532,TITAN PARCHMENT PAPER - 38CM X 10M 24/CS TITAN PAPIER PARCHEMIN - 38CM X 10M 24/CS UPC Pack: 059212998087 UPC Case: 059212998070,CASE,1.51,36.24
BBP1533,TITAN PARCHMENT PAPER - 38CM X 50M 12/CS (446038) TITAN PAPIER PARCHEMIN - 38CM X 50M 12/CS (446038) UPC Pack: 059212310865 UPC Case: 059212310872,CASE,6.02,72.24
BBP1625,"TITAN PARCHMENT SHEET 16.4"" X 24.4"" 1000/CS (1304076)(1787349)(1816593) TITAN PAPIER PARCHEMIN 16.4"" X 24.4"" 1000/CS (1304076) UPC Pack: UPC Case: 059212998063",CASE,0.07,68.00
BZWP12,TITAN CHEF CLING WRAP 30cm x 30m 36/CS TITAN CHEF PELLICULE PLASTIQUE 30cm x 30m 36/CS UPC Pack: 059212970434 UPC Case: 059212970441,CASE,0.87,31.32
BZWP25CT,TITAN CLING WRAP 30CM x 25M 10MIC 36/CS TITAN PELLICULE DE PLASTIQUE 30CM x 25M 10MIC 36/CS UPC Pack: 059212000957 UPC Case: 059212000964,CASE,0.78,28.08
BPLTP11,"PURE FILM 11"" X 2500' FOOD WRAP PELLICULE DE PLASTIQUE PURE FILM 27.9CM X 762M UPC Pack: 059212314795 UPC Case:",EACH,21.97,21.97
BPLTP11R,"PURE FILM 11.5"" X 328' FOOD WRAP 12/CS PELLICULE DE PLASTIQUE PURE FILM 29.2CM X 100M 12/CS UPC Pack: 059212314818 UPC Case: 059212317963",CASE,4.74,56.88
BPLTM1125,"TITAN PLASTIC FOOD WRAP (B) 11"" X 2500' (1861218) TITAN PELLICULE DE PLASTIQUE NOIR 11"" X 2500' (1861218) UPC Pack: 059212323124 UPC Case:",EACH,18.28,18.28
BPLTM11252,"TITAN PLASTIC FOOD WRAP (W) 11"" X 2500' TITAN PELLICULE DE PLASTIQUE BLANC 11"" X 2500' UPC Pack: 059212323506 UPC Case:",EACH,18.23,18.23
BPLTM1725,"TITAN PLASTIC FOOD WRAP (B) 17"" X 2500' (1861222) TITAN PELLICULE DE PLASTIQUE NOIR 17"" X 2500' (1861222) UPC Pack: 059212323131 UPC Case:",EACH,27.00,27.00
BPLTM17252,"TITAN PLASTIC FOOD WRAP (W) 17"" X 2500' TITAN PELLICULE DE PLASTIQUE BLANC 17"" X 2500' UPC Pack: 059212323513 UPC Case:",EACH,27.00,27.00
BZWP1000,"TITAN PLASTIC FOOD WRAP W/ SLIDER 11"" X 1000' 6/CS TITAN PELLICULE DE PLASTIQUE AVEC GLISSIERE 11.5"" X 250' 6/CS UPC Pack: 059212325258 UPC Case: 059212325265",CASE,8.12,48.74
BZT60,TITAN SEAL SANDWICH BAG 60/PK X 24/CS TITAN SEAL SAC SANDWICH 60/PK X 24/CS UPC Pack: 059212994638 UPC Case: 059212994683,CASE,1.37,32.88
BZT10S,TITAN LARGE SLIDER FREEZER BAG 10/PK X 24/CS TITAN SLIDER SAC DE CONGELATION GRAND 10/PK X 24/CS UPC Pack: 059212994645 UPC Case: 059212994690,CASE,1.31,31.44
BZT12,TITAN DBL SEAL LARGE FREEZER BAGS 12/PK X 24/CS TITAN DOUBLE SEAL SAC DE CONGELATION GRAND 12/PK X 24/CS UPC Pack: 059212994614 UPC Case: 059212994669,CASE,1.17,28.08
BZT15S,TITAN MEDIUM SLIDER FREZER BAG 15/PK X 24/CS TITAN SLIDER SAC DE CONGELATION MOYEN 15/PK X 24/CS UPC Pack: 059212994652 UPC Case: 059212994706,CASE,1.12,26.88
BZT20,TITAN DOUBLE SEAL MEDIUM FREZER BAG 20/PK X 24/CS TITAN DOUBLE SEAL SAC DE CONGELATION MEDIUM 20/PK X 24/CS UPC Pack: 059212994621 UPC Case: 059212994676,CASE,1.03,24.72
BZT30S,TITAN SLIDER FREEZER BAG LARGE 30/PK x 10/CASE TITAN SEAL SACS SANDWICH 30/PK X 10/CS UPC Pack: 059212990456 UPC Case: 059212990463,CASE,3.27,32.70
BZT40,TITAN DBL SEAL FREEZER BAG LG 40/PK x 10/CASE TITAN DBL SEAL SACS DE CONGELATION GRD 40/PK x 10/CS UPC Pack: 059212990494 UPC Case: 059212990500,CASE,3.33,33.30
BZT40C,TITAN DOUBLE SEAL LARGE FREEZER BAG 4 X 40 BAGS/COLOR BOX TITAN GRANDS SACS A CONGELATION 4 X 40 SACS/BOITE UPC Pack: 059212312517 UPC Case:,EACH,15.10,15.10
BZT50S,TITAN SLIDER FREEZER BAG MED 50/PK x 10/CASE TITAN SLIDER SACS DE CONGELATION MED 50/PK x 10/CS UPC Pack: 059212990470 UPC Case: 059212990487,CASE,3.13,31.30
BZT65C,TITAN DOUBLE SEAL MEDIUM FREEZER BAG 4 X 65 BAGS/COLOR BOX TITAN SACS A CONGELATION MOYENS 4 X 65 SACS/BOITE UPC Pack: 059212312531 UPC Case:,EACH,14.47,14.47
BZT75,TITAN DBL SEAL FREEZER BAG MED 75/PK x 10/CASE TITAN DBL SEAL SACS DE CONGELATION MED 75/PK x 10/CS UPC Pack: 059212990517 UPC Case: 059212990524,CASE,3.33,33.30
BZT121C,TITAN SANDWICH BAG 4 X 120 BAGS/COLOR BOX TITAN SACS A SANDWICH 4 X 120 SACS/BOITE UPC Pack: 059212312678 UPC Case:,EACH,10.80,10.80
BZT150,TITAN SEAL SANDWICH BAG 150/PK x 10/CASE TITAN SEAL SACS SANDWICH 150/PK X 10/CS UPC Pack: 059212990418 UPC Case: 059212990425,CASE,2.98,29.80
BZT200,TITAN SEAL SNACK BAG 200/PK x 10/CASE TITAN SEAL SACS SNACK 200/PK x 10/CS UPC Pack: 059212990432 UPC Case: 059212990449,CASE,2.78,27.80
BZTV455C,"TITAN VARIETY ZIPPER BAGS 455 BAGS/UNIT, 180/POD TITAN SACS DE CONGELATION VARIES 455 SACS/UNITE, 180/POD UPC Pack: 059212319981 UPC Case:",EACH,14.22,2559.60
BZX15Z,TITAN LARGE ZIPPER STORAGE BAGS 15 x 24/CS TITAN GRAND SACS REFERMABLES POUR CONSERVATION 15 x 24/CS UPC Pack: 059212971141 UPC Case: 059212971226,CASE,0.99,23.76
BZX25Z,TITAN MEDIUM ZIPPER STORAGE BAGS 25 x 24/CS TITAN SACS MOYEN RENFERMABLES POUR CONSERVATION 25 x 24/CS UPC Pack: 059212971165 UPC Case: 059212971240,CASE,0.78,18.72
BZX50Z,TITAN SANDWICH ZIPPER BAGS 50/PK x 24/CS TITAN SACS A SANDWICH REFERMABLES 50 x 24/CS UPC Pack: 059212971189 UPC Case: 059212971264,CASE,0.74,17.76
BZX60Z,TITAN SNACK ZIPPER BAGS 60/PK x 24/CS TITAN SACS A COLLATION REFERMABLES 60 x 24/CS UPC Pack: 059212971219 UPC Case: 059212971288,CASE,0.65,15.60
BZX100G,TITAN FOLD LOCK TOP SANDWICH BAGS W/GUSSET 100/PK x 24/CS (614189) TITAN SACS A SANDWICH A/FERMETURE RABAT ET FOND 100/PK x 24/CS (614189) UPC Pack: 059212971493 UPC Case: 059212971509,CASE,0.86,20.64
BZX10L,TITAN LARGE SLIDER BAGS 10 x 24/CS TITAN GRANDS SACS AVEC FERMETURE ECLAIR 10 x 24/CS UPC Pack: 059212971424 UPC Case: 059212971462,CASE,0.93,22.32
BZX15L,TITAN MEDIUM SLIDER BAGS 15 x 24/CS TITAN SACS MOYENS AVEC FERMETURE ECLAIR 15 x 24/CS UPC Pack: 059212971448 UPC Case: 059212971486,CASE,0.80,19.20
BZX12Z,TITAN LARGE ZIPPER FREEZER BAGS 12/PK x 24/CS TITAN GRANDS SACS REFERMABLES POUR CONGELATION 12/PK x 24/CS UPC Pack: 059212971127 UPC Case: 059212960756,CASE,1.02,24.48
BZX20Z,TITAN MEDIUM ZIPPER FREEZER BAGS 20/PK x 24/CS TITAN MOYENS SACS REFERMABLES POUR CONGELATION 20/PK x 24/CS UPC Pack: 059212971202 UPC Case: 059212960848,CASE,0.82,19.68
BZX20S,TITAN LARGE STORAGE FREEZER BAGS W/TIES 20 x 24/CS TITAN GRAND SACS POUR CONGELATEUR AVEC ATTACHES 20 x 24/CS UPC Pack: 059212971516 UPC Case: 059212971523,CASE,0.88,21.12
BZX30S,TITAN MEDIUM STORAGE BAGS W/TIES 30 x 24/CS TITAN SACS MOYEN A CONGELATEUR AVEC ATTACHES 30 x 24/CS UPC Pack: 059212971325 UPC Case: 059212971387,CASE,0.80,19.20
BZT55C,TITAN HEAVY DUTY ZIPPER STORAGE BAGS 55MMX70MM 50/BAG X 36/CS TITAN SACS DE RANGEMENT REFERMABLES 55MMX70MM 50/SAC X 36/CS UPC Pack: 059212001848 UPC Case: 059212001855,CASE,0.38,13.68
BZT70C,TITAN HEAVY DUTY ZIPPER STORAGE BAGS 70MMX90MM 50/BAG X 36/CS TITAN SACS DE RANGEMENT REFERMABLES 70MMX90MM 50/SAC X 36/CS UPC Pack: 059212001862 UPC Case: 059212001879,CASE,0.52,18.72
BZT101C,TITAN HEAVY DUTY ZIPPER STORAGE BAGS 100MMX120MM 50/BAG X 36/CS TITAN SACS DE RANGEMENT REFERMABLES 100MMX120MM 50/SAC X 36/CS UPC Pack: 059212001886 UPC Case: 059212001893,CASE,0.89,32.04
BZT120C,TITAN HEAVY DUTY ZIPPER STORAGE BAGS 120MMX160MM 40/BAG X 36/CS TITAN SACS DE RANGEMENT REFERMABLES 120MMX160MM 40/SAC X 36/CS UPC Pack: 059212001909 UPC Case: 059212001916,CASE,1.11,39.96
BZT140C,TITAN HD ZIPPER STOR. BAGS 140MMX200MM 30/BAG X 36/CS TITAN SACS DE RANGEMENT REFERMABLES 140MMX200MM 30/SAC X 36/CS UPC Pack: 059212001923 UPC Case: 059212001930,CASE,1.13,40.68
BPIPM,"MEDIUM CLEAR PIPING BAGS 18"" 100/PK x 10/CASE (3333104) POCHE A DECORATION CLAIRE MOYENNE 18"" 100/PQT x 10/CS (3333104) UPC Pack: 059212987029 UPC Case: 059212987036",CASE,9.51,95.10
BPIPL,"LARGE CLEAR PIPING BAGS 21"" 100/PK x 10/CASE (3333101) POCHE A DECORATION CLAIRE LARGE 21"" 100/PQT x 10/CASE (3333101) UPC Pack: 059212987005 UPC Case: 059212987012",CASE,10.89,108.90
BPIPXL,"EXTRA LARGE PIPING BAGS 23"" 100 /PK x 10/CS POCHE A DECORATION CLAIRE EXTRA LARGE 23"" 100/PQT x 10/CS UPC Pack: 059212987043 UPC Case: 059212987050",CASE,13.36,133.60
BPIPS,"SMALL CLEAR PIPING BAGS 12"" 100/PK x 20/CASE (3333102) POCHE A DECORATION CLAIRE PETITE 12"" 100/PQT x 20/CS (3333102) UPC Pack: 059212987654 UPC Case: 059212987661",CASE,5.59,111.80
EGFR1,ROUND TAKE OUT PP CONTAINER 650ml w/LID 6/PK X 12/CS CONTENEUR ROND TRANSPARENT PP 650ml a/COUV 6/PK x 12/CS UPC Pack: 059212001695 UPC Case: 059212001701,CASE,2.00,24.00
EGFR2,RECTANGULAR TAKE OUT PP CONT. 475ml w/LID 8/PK X 12/CS CONTENEUR RECTANGULAIRE PP 475ml a/COUV 8/PK x 12/CS UPC Pack: 059212001718 UPC Case: 059212001725,CASE,2.05,24.60
EGFR3,RECTANGULAR TAKE OUT PP CONT. 800ml w/LID 6/PK X 12/CS CONTENEUR RECTANGULAIRE PP 800ml a/COUV 6/PK x 12/CS UPC Pack: 059212001732 UPC Case: 059212001749,CASE,2.39,28.68
EGFR4,RECTANGULAR TAKE OUT PP CONT 1250ml w/LID 5/PK X 12/CS CONTENEUR RECTANGULAIRE PP 1250ml a/COUV 5/PK x 12/CS UPC Pack: 059212001756 UPC Case: 059212001763,CASE,2.89,34.68
EGFR5,SQUARE TAKEOUT CONTAINER 950ml w/LID 5/PK X 12/CS CONTENANT CARRE POUR EMPORTER 950ml AVEC COUVERCLE 5/PK X 12/CS UPC Pack: 059212313835 UPC Case: 059212313842,CASE,2.09,25.08
EGFR6,SQUARE TAKEOUT CONTAINER 1550ML W/LID 3/PK X 12/CS CONTENANT CARRE POUR EMPORTER A BASE NOIRE 950ml AVEC COUVERCLE 3/PK X 12/CS UPC Pack: 059212313859 UPC Case: 059212313866,CASE,2.30,27.60
EGFR7,WHITE BASE 2-COMPARTIMENT TAKEOUT CTNR 800ml w/LID 5/PK X 12/CS CONTENANT A 2 COMPARTIMENTS POUR EMPORTER A BASE BLANCHE 800ml AVEC COUVERCLE 5/PK x 12/CS UPC Pack: 059212323209 UPC Case: 059212323216,CASE,2.73,32.77
EGFR115,ROUND TAKE OUT PP CONTAINER 650ml w/LID 15/PK X 12/CS CONTENEUR ROND TRANSPARENT PP 650ml a/COUV 15/PK x 12/CS UPC Pack: 059212321410 UPC Case: 059212321427,CASE,4.82,57.88
EGFR215,RECTANGULAR TAKE OUT PP CONT. 475ml w/LID 15/PK X 12/CS CONTENEUR RECTANGULAIRE PP 475ml a/COUV 15/PK x 12/CS UPC Pack: 059212321434 UPC Case: 059212321441,CASE,4.03,48.32
EGFR315,RECTANGULAR TAKE OUT PP CONT. 800ml w/LID 15/PK X 12/CS CONTENEUR RECTANGULAIRE PP 800ml a/COUV 15/PK x 12/CS UPC Pack: 059212321458 UPC Case: 059212321465,CASE,5.77,69.23
EGFR415,RECTANGULAR TAKE OUT PP CONT 1250ml w/LID 15/PK X 12/CS CONTENEUR RECTANGULAIRE PP 1250ml a/COUV 15/PK x 12/CS UPC Pack: 059212321472 UPC Case: 059212321489,CASE,6.35,76.17
EGFR515,SQUARE TAKEOUT CONTAINER 950ml w/LID 15/PK X 12/CS CONTENANT CARRE POUR EMPORTER 950ml AVEC COUVERCLE 15/PK X 12/CS UPC Pack: 059212321496 UPC Case: 059212321502,CASE,5.66,67.91
EFCR02A,TITAN SNAP SMALL RECTANGULAR FOOD CONTAINER 280ML 4/PK X 24/CS TITAN SNAP PETIT CONTENANT RECTANGULAIRE 280ML 4/PK X 24/CS UPC Pack: 059212975767 UPC Case: 059212310742,CASE,1.04,24.96
EFCTL04,TITAN 4OZ PP CONTAINER TWIST TOP 6/PACK 12/CS TITAN CONTENANT EN PP COUVERCLE TOURNANT 4OZ 6/PACK 12/CS UPC Pack: 059212323704 UPC Case: 059212323711,CASE,2.06,24.67
EFCTL08,TITAN 8OZ PP CONTAINER TWIST TOP 4/PACK 12/CS TITAN CONTENANT EN PP COUVERCLE TOURNANT 8OZ 4/PACK 12/CS UPC Pack: 059212323728 UPC Case: 059212323735,CASE,2.02,24.24
EFCTL16,TITAN 16OZ PP CONTAINER TWIST TOP 3/PACK 24/CS TITAN CONTENANT EN PP COUVERCLE TOURNANT 16OZ 3/PACK 24/CS UPC Pack: 059212323742 UPC Case: 059212323759,CASE,2.09,50.10
EFCTL32,TITAN 32OZ PP CONTAINER TWIST TOP 2/PACK 24/CS TITAN CONTENANT EN PP COUVERCLE TOURNANT 32OZ 2/PACK 24/CS UPC Pack: 059212323766 UPC Case: 059212323773,CASE,1.95,46.85
EFCC06A,TITAN SNAP ROUND FOOD CONTAINER 615ML 2/PK X 12/CS TITIAN SNAP CONTENANT ROND 615ML 2/PK X 12.CS UPC Pack: 059212975743 UPC Case: 059212310735,CASE,0.98,11.76
EFCR06A,TITAN SNAP MEDIUM RECTANGULAR FOOD CONTAINER 670ML 2/PK X 12/CS TITAN SNAP MOYEN CONTENANT RECTANGULAIRE 670ML 2/PK X 12/CS UPC Pack: 059212975781 UPC Case: 059212310759,CASE,0.96,11.52
EFCS07A,TITAN SNAP SHORT SQUARE FOOD CONTAINER 700ML 2/PK X 12/CS TITAN SNAP PETIT CONTENANT CARRE 700ML 2/PK X 12/CS UPC Pack: 059212975828 UPC Case: 059212310773,CASE,1.14,13.68
EFCS09A,TITAN SNAP TALL SQUARE FOOD CONTAINER 900ML 2/PK X 12/CS TITAN SNAP GRAND CONTENANT CARRE 900ML 2/PK X 12/CS UPC Pack: 059212975842 UPC Case: 059212310780,CASE,1.14,13.68
EFCR16A,TITAN SNAP LARGE RECTANGULAR FOOD CONTAINER 1625ML 2/PK X 12/CS TITAN SNAP GRAND CONTENANT RECTANGULAIRE 1625ML 2/PK X 12/CS UPC Pack: 059212975804 UPC Case: 059212310766,CASE,1.81,21.72
EFAS20,LARGE SHORT RECTANGLE FOOD CONTAINER 2.0L 24/CS GRAND CONTENANT BAS RECTANGULAIRE 2.0L 24/CS UPC Pack: 059212975040 UPC Case: 059212975057,CASE,2.21,53.04
EFAT28,LARGE TALL RECTANGLE FOOD CONTAINER 2.8L 24/CS GRAND CONTENANT HAUT RECTANGULAIRE 2.8L 24/CS UPC Pack: 059212975125 UPC Case: 059212975132,CASE,2.31,55.44
EFAS40,S-LARGE SHORT RECTANGLE FOOD CONTAINER 4.0L 24/CS T-GRAND CONTENANT BAS RECTANGULAIRE 4.0L 24/CS UPC Pack: 059212975064 UPC Case: 059212975071,CASE,2.73,65.52
EFAT50,X-LARGE TALL RECTANGLE FOOD CONTAINER 5.0L 24/CS T-GRAND CONTENANT HAUT RECTANGULAIRE 5.0L 24/CS UPC Pack: 059212975149 UPC Case: 059212975156,CASE,2.98,71.52
EFAS085,TITAN SEAL SHORT SQUARE FOOD CONTAINER 0.85L 24/CS TITAN SEAL BAS CARRE CONTENANT 0.85L 24/CS UPC Pack: 059212975279 UPC Case: 059212975286,CASE,1.45,34.80
B1PR,1 OZ PP PORTION CUP AND LID COMBO 25/BAG 36/CS COMBO CONTENANT EN PLASTIQUE 1 oz AVEC COUVERCLE 25/PK x 36/CS UPC Pack: 059212794214 UPC Case: 059212794221,CASE,0.66,23.76
B2PR,2 OZ PP PORTION CUP AND LID COMBO 20/BAG 36/CS COMBO CONTENANT EN PLASTIQUE 2 OZ AVEC COUVERCLE 20/BAG 36/CS UPC Pack: 059212794238 UPC Case: 059212794245,CASE,0.84,30.24
B3PR,3.25 OZ PP PORTION CUP AND LID COMBO 15/BAG 36/CS COMBO CONTENANT EN PLASTIQUE 3.25 oz AVEC COUVERCLE 15/PK x 36/CS UPC Pack: 059212794252 UPC Case: 059212794269,CASE,0.79,28.44
B4PR,4 OZ PP PORTION CUP AND LID COMBO 12/BAG 36/CS COMBO CONTENANT EN PLASTIQUE 4 oz AVEC COUVERCLE 12/PK x 36/CS UPC Pack: 059212794276 UPC Case: 059212794283,CASE,0.74,26.64
FMISC12,#2 CONE COFFEE FILTER 100 UNITS/EACH x 6 UNITS/CASE FILTRE A CAFE CONIQUES #2 100 UNITES/CHAQUE x 6 UNITES/CAISSE UPC Pack: UPC Case:,CASE,3.17,19.00
BCF2,BASKET COFFEE FILTERS 8/12 CUP IN POLY BAG 200/PK X 24/CS FILTRES A CAFE 8/12 TASSES GENRE PANIER EN SAC 200/PQT X 24/CS UPC Pack: 071287857502 UPC Case: 10071287857509,CASE,2.53,60.72
BCF15,BASKET COFFEE FILTERS 4 CUP JUNIOR 100/PK 24/CS FILTRES A CAFE GENRE PANIER 4 TASSE JUNIOR 100/PQT 24/CS UPC Pack: 071287857571 UPC Case: 10071287857578,CASE,1.33,31.92
BCF4,CONE COFFEE FILTERS IN POLY BAG #4 40/PK x 48/CS FILTRES A CAFE CONIQUES #4 EN SAC POLYETHYLENE 48 x 40/PQT UPC Pack: 071287104408 UPC Case: 10071287104405,CASE,1.33,63.84
BCF402,CONE COFFEE FILTERS #2 IN POLY BAG 40/PK x 24/CS FILTRES A CAFE CORNETS #2 EN SAC POLYETHYLENE 40/PQT x 24/CS UPC Pack: 071287857434 UPC Case: 10071287857431,CASE,1.36,32.64
BBD1,"TITAN PAPER DOILIES 10.5"" 24/PK x 24/CS TITAN NAPPERON EN PAPIER 10.5"" 24/PQT x 24/CS UPC Pack: 059212970717 UPC Case: 059212970724",CASE,0.57,13.68
BBD2,"TITAN PAPER DOILIES 10 X 14.5"" 15/PK x 24/CS TITAN NAPPERONS EN PAPIER 10 X 14.5"" 15/PQT x 24/CS UPC Pack: 059212970731 UPC Case: 059212970748",CASE,0.61,14.64
BSSFP,iEco WHITE PAPER FLEX STRAW 50/PK x 24/CS iEco PAILLE EN PAPER BLANCHE 50/BOITE x 24 /CS UPC Pack: 059212320772 UPC Case: 059212320789,CASE,0.79,19.00
BSSMP,"iECO 8"" RED & WHITE PAPER STRAW 100/BOX x 24/CS iECO PAILLE EN PAPIER ROUGE ET BLANCHE 100/BOITE x 24/CS UPC Pack: 059212318144 UPC Case: 059212318151",CASE,1.33,31.85
BSSMP5,"iECO 8"" RED & WHITE PAPER STRAW 50/BOX x 36/CS iECO PAILLE EN PAPIER BLANCHE ET ROUGE 50/BOITE x 36/CS UPC Pack: 059212320956 UPC Case: 059212320949",CASE,0.60,21.46
BSTSCS,iECO BAMBOO ROUND CHOPSTICKS 100/PACK x 10/CS iECO BAGUETTES RONDES EN BAMBOU 100/PACK x 10/CS UPC Pack: 059212327092 UPC Case: 059212327108,CASE,3.09,30.85
BSTSKEW,"CAFE EXPRESS 12"" BAMBOO SKEWERS 100/PACK x 24/CS CAFE EXPRESS BATON A BROCHETTES 12"" 24X100'S UPC Pack: 059212711402 UPC Case: 059212711457",CASE,0.87,20.88
BSTSKEW2,"CAFE EXPRESS 6"" BAMBOO SKEWERS 125/PACK x 24/CS CAFE EXPRESS BROCHETTES EN BAMBOO 6"" 125/PK x 24/CS UPC Pack: 059212711815 UPC Case: 059212711822",CASE,0.64,15.36
BSTSKEW3,"CAFE EXPRESS 12"" HEAVY DUTY BAMBOO SKEWERS 50/PK x 24/CS CAFE EXPRESS BROCHETTES EN BAMBOO ROBUSTES 12"" 50/PK x 24/CS UPC Pack: 059212711839 UPC Case: 059212711846",CASE,0.94,22.56
BSTIX5,"CAFE EXPRESS WOODEN COFFEE STICKS 5.5"" 1000/PK x 10/CS CAFE EXPRESS BATON A CAFE EN BOIS 5.5"" 1000/PK x 10/CS UPC Pack: 059212318915 UPC Case: 059212318922",CASE,2.39,23.85
BSTIX5R,"CAFE EXPRESS WOODEN COFFEE STICKS 5.5"" 150/PK x 24/CS CAFE EXPRESS BATON A CAFE EN BOIS 5.5"" 150/PK x 24/CS UPC Pack: 059212318939 UPC Case: 059212318946",CASE,0.49,11.74
BSTIX71,"iECO WOODEN COFFEE STICKS 7.5"" 1000/PK x 10/CS FSC 100% (SAI- COC-014578) iECO BATON A CAFE EN BOIS 7.5"" 1000/PK x 10/CS FSC 100% (SAI-COC- 014578) UPC Pack: 059212327788 UPC Case: 059212327795",CASE,3.74,37.40
BSTPOP1,CAFE EXPRESS POPSICLE/CRAFT STICKS 100/PK x 24/CS CAFE EXPRESS BATONS A SUCETTES 100/PQT x 24/CS UPC Pack: 059212318977 UPC Case: 059212318984,CASE,0.75,18.00
BSTPICC,CAFE EXPRESS TOOTHPICKS 250/CONTAINER x 2/PK x 24/CS CAFE EXPRESS CURE DENTS 250/CONTENANT x 2/PQT x 24/CS UPC Pack: 059212711785 UPC Case: 059212711808,CASE,0.95,22.80
BZW18,"TITAN-FOIL HEAVY DUTY ALUMINIUM FOIL ROLL 18""x25' 24/CS TITAN PAPIER D'ALUMINIUM ULTRA RESISTANT 18"" x 25' 24/CS UPC Pack: 059212011458 UPC Case: 059212011502",CASE,2.15,51.60
BZW25,"TITAN-FOIL HEAVY DUTY ALUMINIUM FOIL ROLL 12""x 25' X 50/CS TITAN-FOIL ROULEAU D'ALUMINIUM A TOUT EPREUVE 12"" x 25' X 50/CS UPC Pack: 059212997622 UPC Case: 059212990081",CASE,1.16,57.94
BZW25M,"TITAN-FOIL FLEXIBLE ALUMINIUM FOIL ROLL 12""x 25' 50/CS TITAN-FOIL PAPIER D'ALUMINIUM PLUS FLEXIBLE 12"" x 25' 50/CS UPC Pack: 059212011359 UPC Case: 059212011403",CASE,1.22,61.00
BZW25ME,"TITAN-FOIL EMBOSSED FLEX ALUMINIUM FOIL ROLL 12""x 25' 50/CS TITAN-FOIL PAPIER D'ALUMINIUM EN RELIEF FLEXIBLE 12"" x 25' 50/CS UPC Pack: 059212326064 UPC Case: 059212326071",CASE,1.22,61.05
BZW50,"TITAN-FOIL HEAVY DUTY ALUMINIUM FOIL ROLL 11.8"" x 50' 24/CS TITAN-FOIL PAPIER D'ALUMINIUM ULTRA RESISTANT 11.8"" x 50' 24/CS UPC Pack: 059212011557 UPC Case: 059212011601",CASE,2.10,50.40
BZW50NS,"TITAN FOIL NON-STICK ALUMINIUM FOIL ROLL 12"" x 50' 24/CS TITAN FOIL PAPIER D'ALUMINIUM ANTI-ADHERENT 12"" x 50' 24/CS UPC Pack: 059212321540 UPC Case: 059212321557",CASE,2.39,57.28
BZW25MU,"TITAN ULTRA ALUMINIUM FOIL ROLL 12"" X 25' 50/CASE TITAN ULTRA PAPIER D'ALUMINIUM 12"" X 25' 50/CASE UPC Pack: 059212993495 UPC Case: 059212993501",CASE,1.41,70.50
BZW18U,"TITAN ULTRA ALUMINIUM FOIL ROLL 18"" X 25' 24/CASE TITAN ULTRA PAPIER D'ALUMINIUM 18"" X 25' 24/CASE UPC Pack: 059212993457 UPC Case: 059212993464",CASE,2.61,62.64
BZW50U,"TITAN ULTRA ALUMINIUM FOIL ROLL 12"" X 50' 24/CASE TITAN ULTRA PAPIER D'ALUMINIUM 12"" X 50' 24/CASE UPC Pack: 059212993518 UPC Case: 059212993525",CASE,2.31,55.44
BZW100,TITAN ALUMINIUM FOIL ROLL 45 CM X 100 M (1272171) TITAN PAPIER D'ALUMINIUM 45 CM X 100 M (1272171) UPC Pack: 059212991538 UPC Case: 059212991545,EACH,24.73,148.38
BZW100F,TITAN FLEX ALUMINIUM FOIL ROLL 45 CM X100 M TITAN FLEX PAPIER D'ALUMINIUM 45 CM X 100 M UPC Pack: 059212998933 UPC Case: 059212998940,EACH,19.08,114.48
BZW100FE,TITAN FLEX EMBOSSED ALUMINIUM FOIL ROLL 45CM X100M TITAN FLEX ROULEAU D'ALUMINIUM EN RELIEF TRES RESISTANT 45CM x 100M UPC Pack: 059212325678 UPC Case: 059212325685,EACH,18.84,113.04
BZW100RU,TITAN ULTRA ALUMINIUM FOIL ROLL 45.7CM X 100M TITAN ULTRA PAPIER D'ALUMINIUM 45.7CM X 100M UPC Pack: 059212993556 UPC Case: 059212993563,EACH,27.60,165.60
BZW200,"TITAN-FOIL POP-UP FOIL SHEETS 12"" x 10.75"" 200/BOX x 12/CS TITAN-FOIL FEUILLES D'ALUMINIUM 12"" x 10.75"" 200/BOITE x 12/CS UPC Pack: 059212989467 UPC Case: 059212989474",CASE,7.57,90.84
BZW200F,TITAN FLEX ALUMINIUM FOIL ROLL 30 CM X 200 M TITAN PAPIER D'ALUMINIUM 30 CM X 200 M UPC Pack: 059212002432 UPC Case: 059212002449,EACH,20.58,123.48
BZW200R,TITAN ALUMINIUM FOIL ROLL 30 CM X 200 M (1276987) TITAN PAPIER D'ALUMINIUM 30 CM X 200 M (1276987) UPC Pack: 059212991552 UPC Case: 059212991569,EACH,25.86,155.16
BZW200RU,TITAN ULTRA ALUMINIUM FOIL ROLL 30CM X 200M TITAN ULTRA PAPIER D'ALUMINIUM 30CM X 200M UPC Pack: 059212993570 UPC Case: 059212993587,EACH,26.10,156.60
BZW50E,"TITAN-FOIL EMBOSSED H.D. ALUMINIUM FOIL ROLL 11.8"" x 50' 24/CS TITAN-FOIL PAPIER D'ALUMINIUM EN RELIEF ULTRA RESIST 11.8"" x 50' 24/CS UPC Pack: 059212326040 UPC Case: 059212326057",CASE,2.23,53.57
BZW25E,"TITAN-FOIL EMBOSSED HD ALUMINIUM FOIL ROLL 12""x 25' X 50/CS TITAN-FOIL ROULEAU D'ALUMINIUM EN RELIEF TRES RESISTANT 12"" x 25' X 50/CS UPC Pack: 059212325616 UPC Case: 059212325623",CASE,1.22,61.16
BZW100E,TITAN-FOIL EMBOSSED ALUMINIUM FOIL ROLL 45 CM X 100 M TITAN-FOIL ROULEAU D'ALUMINIUM EN RELIEF TRES RESISTANT 45CM x 100M UPC Pack: 059212325630 UPC Case: 059212325647,EACH,23.48,140.88
BZW18E,"TITAN-FOIL EMBOSSED H.D. ALUMINIUM FOIL ROLL 18""x25' 24/CS TITAN PAPIER D'ALUMINIUM EN RELIEF ULTRA RESISTANT 18"" x 25' 24/CS UPC Pack: 059212326002 UPC Case: 059212326019",CASE,2.69,64.62
BZ94006R,"TITAN FOIL 6"" ALUMINIUM PIE PANS 10/PK x 24/CS TITAN FOIL ASSIETTES A TARTE 15CM EN ALUMINIUM 10/PK x 24/CS UPC Pack: 059212997226 UPC Case: 059212997233",CASE,0.95,22.80
BZ90304R,"TITAN FOIL 9"" DEEP PIE PANS 5/PK X 24/CS TITAN FOIL ASSIETTES A TARTE PROFONDE 22.7 CM 5/PK X 24/CS UPC Pack: 059212997202 UPC Case: 059212997219",CASE,1.02,24.48
BZ90305R,"TITAN FOIL 10"" ALUMINIUM PIE PANS 5/PK X 24/CS TITAN FOIL ASSIETTES A TARTE EN ALUMINIUM 5/PQT X 24/CS UPC Pack: 059212998674 UPC Case: 059212998681",CASE,1.22,29.28
BZ94004R,"TITAN FOIL 12"" ALUMINIUM PIE PAN 2/PK X 24/CS (1994953) TITAN FOIL ASSIETTES A TARTE 12"" EN ALUMINIUM 2/PK X 24/CS (1994953) UPC Pack: 059212310360 UPC Case: 059212310377",CASE,0.94,22.56
BZ94012R,"TITAN FOIL 12"" TART PAN 3/PK X 24/CS TITAN FOIL ASSIETTES TARTES 12"" 3/PK X 24/CS UPC Pack: 059212313385 UPC Case: 059212313392",CASE,1.20,28.80
BZ90307R,"TITAN 9"" ROUND CAKE PAN 4/PK X 24/CS TITAN MOULE A GATEAU RONDE 9"" 4/PK X 24/CS UPC Pack: 059212313361 UPC Case: 059212313378",CASE,0.94,22.56
BZ91308R,"TITAN 9"" SQUARE CAKE PAN 3/PK X 24/CS TITAN MOULE A GATEAU CARRE 9"" 3/PK X 24/CS UPC Pack: 059212313309 UPC Case: 059212313316",CASE,0.89,21.36
BZ91308CR,"TITAN 9"" SQUARE CAKE PAN WITH LIDS 3/PK X 12/CS TITAN MOULE A GATEAU 9"" 3/PQ x 12/CS UPC Pack: 059212321373 UPC Case: 059212321380",CASE,1.87,22.38
BZ91309R,TITAN FOIL LARGE RECTANGULAR CAKE PAN 3/PK x 24/CS TITAN FOIL MOULE A GATEAU LARGE RECTANGULAIRE 3/PK x 24/CS UPC Pack: 059212993532 UPC Case: 059212993549,CASE,1.25,30.00
BZ90306R,"TITAN FOIL 5"" ALUMINUM POT PIE PANS 8/PK X 24/CS TITAN FOIL ASSIETTES A TOURTE AU POT EN ALUM 5 PO 8/PQT X 24/CS UPC Pack: 059212000605 UPC Case: 059212000612",CASE,0.68,16.32
BZ90308R,TITAN FOIL SQUARE ALUMINIUM CAKE PANS 4 X 24/CS TITAN FOIL MOULES A GATEAUX CARRES EN ALUMINIUM 4 X 24/CS UPC Pack: 059212997127 UPC Case: 059212997134,CASE,1.08,25.92
BZ90309R,TITAN FOIL RECTANGULAR ALUMINIUM CAKE PANS 3 X 24/CS TITAN FOIL MOULES A GATEAUX RECTANGULAIRES EN ALUMINIUM 3 X 24/CS UPC Pack: 059212997165 UPC Case: 059212997172,CASE,1.10,26.40
BZ90312R,TITAN ULTRA BROWNIE PAN 3/PK X 24/CS TITAN FOIL CONTENANT DES PETITS GATEAUX 3/PK X 24/CS UPC Pack: 059212999091 UPC Case: 059212999107,CASE,1.45,34.80
BZ90315R,TITAN ULTRA ALUMINUM COOKIE SHEET 1/PK X 24/CS TITAN ULTRA TOLE A BISCUIT EN ALUMINIUM 1/PQT X 24/CS UPC Pack: 059212000582 UPC Case: 059212000599,CASE,0.83,19.92
BZ90316R,TITAN FOIL ALUMINUM 2 LB LOAF PANS 3/PK X 24/CS TITAN FOIL MOULES A PAINS EN ALUMINIUM 3/PQT X 24/CS UPC Pack: 059212000643 UPC Case: 059212000650,CASE,0.77,18.48
BZ90320R,TITAN FOIL HALF SIZE STEAM TABLE PAN SHALLOW 3/PK X 24/CS TITAN MOULE EN ALUMINIUM PEU PROFOND 3/PQT X 24/CS UPC Pack: 059212996878 UPC Case: 059212996885,CASE,1.43,34.32
BZ90319R,TITAN FOIL PIZZA PAN 3/PK X 24/CS TITAN MOULE PLAQUE A PIZZA 3/PK X 24/CS UPC Pack: 059212997240 UPC Case: 059212997257,CASE,1.25,30.00
BZ90333R,TITAN BBQ GRILL PANS 3/PK x 24/CS TITAN POELE A GRILLADE BBQ 3/PK x 24/CS UPC Pack: 059212313590 UPC Case: 059212313596,CASE,1.31,31.44
BZ94030R,"TITAN ULTRA GRILL PAN 16"" x 12"" 1/PK X 50/CS TITAN ULTRA GRILLE POUR CUISSON 1/PQ X 50/CTN UPC Pack: 059212315747 UPC Case: 059212315716",CASE,0.80,40.23
BZ90355R,TITAN ALUMINIUM MUFFIN PANS 3/PK X 24/CS TITAN MOULES A MUFFIN EN ALUMINIUM 3/PQT X 24/CS UPC Pack: 059212997462 UPC Case: 059212997479,CASE,1.00,24.00
BZ90902R,"TITAN 9"" ROUND ALUMINIUM CNT W. LIDS 3 X 24/CS TITAN CONT. RONDS/COUV. 9"" ALUMINIUM 3 X 24/CS UPC Pack: 059212997066 UPC Case: 059212997073",CASE,1.77,42.48
BZ90317R,TITAN FOIL ALUMINIUM 1 LB LOAF PANS 8/PK X 24/CS TITAN FOIL MOULES A PAIN 1 LIVRE EN ALUMINIUM 8/PQT X 24/CS UPC Pack: 059212001541 UPC Case: 059212997394,CASE,0.96,23.04
BZ90317CR,TITAN FOIL ALUMINIUM 1 LB LOAF PANSW/LIDS 5/PK X 12/CS TITAN FOIL MOULES A PAIN 1 LIVRE EN ALUMINIUM 5/PQT X 12/CS UPC Pack: 059212321359 UPC Case: 059212321366,CASE,0.87,10.46
BZ90394CR,TITAN FOIL RECT. ALUM PANS W/DOME LIDS 2 X 12/CS TITAN CONT. A GATEAUX RECTAN EN ALUM AVEC COUVERCLE 2 X 12/CS UPC Pack: 059212318038 UPC Case: 059212318045,CASE,1.96,23.51
BZ90394R,TITAN FOIL RECTANGLE ALUM CAKE PANS 2PK X 12/CS TITAN CONT. A GATEAUX RECTAN EN ALUM 2 X 12/CS UPC Pack: 059212318083 UPC Case: 059212318090,CASE,1.16,13.94
BZ9501GR,TITAN 19oz GOLD & SILV PORTION CONTAINER WITH LID 4x12 SETS/CS CONTENANT TITAN 550mL OR & ARGENT AVEC COUVERCLE 4x12 ENS/CS UPC Pack: 059212001312 UPC Case: 059212001787,CASE,2.10,25.20
BZ9502B,TITAN 22oz SM. BLK/GOLD ENTREE CONTAINER WITH LID 4x25 SETS/CS PETIT CONT. TITAN 650mL NOIR ET OR ENTREE AVEC COUV. 4x25 ENS/CS UPC Pack: 059212312586 UPC Case: 059212312593,CASE,12.54,50.16
BZ9502BD,TITAN 22oz SM. BLK/GOLD ENTR CONT. HD LID 4x25 SETS/CS PETIT CONT. TITAN 650mL NOIR ET OR ENTREE AVEC COUV. HAUT 4x 25 ENS/CS UPC Pack: 059212312883 UPC Case: 059212312371,CASE,14.06,56.22
BZ9502BDR,TITAN 22oz SM. BLK/GOLD ENTREE CONT. HIGH DOME LID 3/PK x 12/CS PETIT CONT. TITAN 650mL NOIR ET OR ENTREE AVEC COUVERCLE 3/PK x 12/CS UPC Pack: 059212000247 UPC Case: 059212000254,CASE,2.15,25.80
BZ9504B,TITAN 52oz MED BLK/GOLD ENTREE CONTAINER WITH LID 2x25 SETS/CS CONTENANT MOYEN TITAN 1.55L D'ENTREE NOIR ET OR AVEC COUVERCLE 2x25 ENS/CS UPC Pack: 059212312609 UPC Case: 059212312616,CASE,22.61,45.22
BZ9505B,TITAN 72oz LG BLK/GOLD ENTREE CONTAINER WITH LID 2x25 SETS/CS LARGE CONT. TITAN 2.1L NOIR ET OR ENTREE AVEC COUVERCLE 2x25 ENS/CS UPC Pack: 059212312623 UPC Case: 059212312630,CASE,28.76,57.52
BZ9505BD,TITAN 72oz LG. BLK/GOLD ENTREE CONT. HIGH DOME LID 2x25 SETS/CS LARGE CONT. TITAN 2.1L NOIR ET OR ENTREE AVEC COUV. HAUT 50 ENS/CS UPC Pack: 059212312395 UPC Case: 059212312944,CASE,30.91,61.82
BZ9505D,TITAN 72oz LG. SILVER ENTREE CONT. HIGH DOME LID 2x25 SETS/CS LARGE CONT TITAN 2.1L ARGENT ENTREE AVEC COUV. HAUT 2x25 ENS/CS UPC Pack: 059212312159 UPC Case: 059212312951,CASE,29.36,58.71
BZ9506R,"TITAN 13"" X 9"" SILVER DEEP UTILITY PAN W/LID 1/PK X 12/CS TITAN POELE PROFONDE ARGENTE AVEC COUVERCLE 33CM x 23CM 1/PK X 12/CS UPC Pack: 059212998698 UPC Case: 059212998704",CASE,2.23,26.79
BZ9507R,"TITAN 9"" X 9"" SILVER DEEP CAKE PAN W/LID 2/PK X 12/CS TITAN POELE PROFONDE ARGENTE AVEC COUVERCLE 23CM x 23CM 1/PK X 12/CS UPC Pack: 059212998711 UPC Case: 059212998728",CASE,2.51,30.12
BZ9509G,TITAN 32OZ GOLD/SILVER CONTAINERS WITH LIDS 10/PKx10/CS TITAN 950ML CONTENEURS OR / ARGENT AVEC COUVERCLES 10/PKx10/CS UPC Pack: 059212313613 UPC Case: 059212313620,CASE,5.60,56.00
BZ9509GR,TITAN 32OZ GOLD/SILVER CONTAINERS WITH LIDS 3/PKx12/CS TITAN CONTITAN 950ML CONTENEURS OR / ARGENT AVEC COUVERCLES 3/PKx12/CS UPC Pack: 059212313637 UPC Case: 059212313644,CASE,2.56,30.72
BZ9504BDR,TITAN 52oz MED BLK/GOLD ENTREE CONTAINER WITH LID 2/PK x 12/CS MOYEN CONT. TITAN 1.55L NOIR ET OR ENTREE AVEC COUVERTURE 2/PK x 12/CS UPC Pack: 059212000261 UPC Case: 059212000278,CASE,2.53,30.36
BZ9505BDR,TITAN 72oz LG BLK/GOLD ENTREE CONTAINER WITH LID 2/PK x 12/CS LARGE CONT. TITAN 2.1L NOIR ET OR ENTREE AVEC COUVERTURE 2/PK x 12/CS UPC Pack: 059212000285 UPC Case: 059212000292,CASE,3.09,37.08
BZ90904R,"TITAN 7"" ROUND ALUMINIUM CONT. W/ LIDS 5 X 24/CS TITAN CONT. RONDS/COUV. 7"" ALUMINIUM 5 X 24/CS UPC Pack: 059212997042 UPC Case: 059212997059",CASE,1.47,35.28
BZ90906R,TITAN FOIL 1 LB TAKE OUT CONTAINER/FOLDED LIDS 8/PK X 24/CS TITAN FOIL PLATS 1 LB A EMPORTER EN ALUMINIUM/COUVERCLES PLIES 8/PK X 24/CS UPC Pack: 059212000780 UPC Case: 059212000797,CASE,1.18,28.32
BZ90910R,TITAN FOIL 2 LB TAKE OUT CONTAINER/FOLDED LIDS 6/PK X 24/CS TITAN FOIL PLATS 2 LB A EMPORTER EN ALUMINIUM/COUVERCLES PLIES 6/PK X 24/CS UPC Pack: 059212000803 UPC Case: 059212000810,CASE,1.11,26.64
BZ90915R,TITAN FOIL 3 LB TAKE OUT CONTAINER/FOLDED LIDS 4/PK X 24/CS TITAN FOIL PLATS 3 LB A EMPORTER EN ALUMINIUM/COUVERCLES PLIES 4/PK X 24/CS UPC Pack: 059212000827 UPC Case: 059212000834,CASE,1.13,27.12
BZ90916R,TITAN FOIL 4 LB DEEP TAKE OUT CONTAINER/FOLDED LIDS 3/PK X 24/CS TITAN FOIL PLATS PROFOND 1800 ML EMPORTER EN ALUM/COUVERCLES PLIES 3/PKX24/CS UPC Pack: 059212000841 UPC Case: 059212000858,CASE,1.33,31.92
BZ90920R,TITAN FOIL 4 LB SHALLOW TAKE OUT CONT./FOLDED LIDS 3/PK X 24/CS TITAN FOIL PLATS 1800 ML A EMPORTER EN ALUMINIUM/COUVERCLES PLIES 3/PK X 24/CS UPC Pack: 059212000865 UPC Case: 059212000872,CASE,1.35,32.40
BZA0910S,TITAN-FOIL 2LB. RECT. ALUM CONT. W/LIDS 3x36/CS TITAN-FOIL CONT./COUV. RECT. 2LB. ALUMINIUM 3x36/CS UPC Pack: 059212651562 UPC Case: 059212651609,CASE,0.77,27.72
BZA0915S,TITAN-FOIL 3LB. RECT ALUM CONT.W/ LIDS 2 x 24/CS TITAN-FOIL CONT./COUV. RECT. 3LB. 2 x 24/CS UPC Pack: 059212651586 UPC Case: 059212651623,CASE,0.79,18.96
BZ90920RD,TITAN SHALLOW ALUMINIUM PAN WITH DOME LID 2/PK X 24/CS TITAN TABLES A VAPEUR DEMI-TAILLES AVEC COUVERCLE EN DOMES 2/PQT X 24/CS UPC Pack: 059212001299 UPC Case: 059212001305,CASE,1.76,42.24
BZ90921RD,TITAN DEEP PANS AND DOME LIDS 2/PK X 24/CS TITAN TABELS A VAPEURS PROFONDS EN ALUM & COUVERCLES 2/PQT X 24/CS UPC Pack: 059212997363 UPC Case: 059212997370,CASE,2.35,56.40
BZ90930R,TITAN FOIL MID SIZE UTILITY ALUMINIUM PAN 4/PK X 24/CS TITAN FOIL CONTENANTS UTILITAIRE TAILLE-MOYEN EN ALUMINIUM 4/PQT X 24/CS UPC Pack: 059212001589 UPC Case: 059212001596,CASE,1.62,38.88
BZ94031R,TITAN FOIL SQUARE UTILITY PAN 3/PK X 24/CS TITAN PANIER UTILITAIRE CARRE 3/PK X 24/CS UPC Pack: 059212313200 UPC Case: 059212313217,CASE,1.48,35.52
BZ91320R,TITAN ULTRA LASAGNA PAN 24/CS TITAN ULTRA PLATS A LASAGNE EN ALUMINIUM 24/CS UPC Pack: 059212997639 UPC Case: 059212997646,CASE,1.07,25.68
BZ91321R,TITAN FOIL HALF SIZE STEAM TABLE PANS DEEP 2/PK X 24/CS TITAN FOIL CONTENANT EN DEMI EN PROFONDS 2/PQT X 24/CS UPC Pack: 059212997653 UPC Case: 059212997660,CASE,1.21,29.04
BZ91322R,TITAN FOIL MEDIUM ALUMINIUM OVAL ROASTER 24/CS TITAN FOIL ROTISSOIRES OVALES MOYENNES EN ALUMINIUM 24/CS UPC Pack: 059212997349 UPC Case: 059212997356,CASE,0.90,21.60
BZ91365R,TITAN FOIL LARGE ALUMINIUM OBLONG ROASTER 24/CS TITAN FOIL ROTISSOIRES OBLONG EXTRA GRANDES EN ALUMINIUM 24/CS UPC Pack: 059212997288 UPC Case: 059212997295,CASE,1.74,41.76
BZ91365HD,TITAN FOIL HD LARGE ALUMINIUM OBLONG ROASTER 12/CS TITAN FOIL GRANDE ROTISSOIRE OBLONGUE EN ALUMINIUM12/CS UPC Pack: 059212318106 UPC Case: 059212318113,CASE,2.00,24.00
BZ91366R,TITAN FOIL LARGE ALUMINIUM OVAL ROASTER 24/CS TITAN FOIL ROTISSOIRES OVALES EXTRA GRANDES EN ALUMINIUM 24/CS UPC Pack: 059212997851 UPC Case: 059212997868,CASE,1.70,40.80
BZ91368R,TITAN ULTRA RECT. HD UTILITY ROASTER 24/CS TITAN ULTRA ROTISSOIRES UTILITAIRE 24/CS UPC Pack: 059212999053 UPC Case: 059212999060,CASE,1.47,35.28
BZ91504R,TITAN ULTRA HALF STEAM EXTRA DEEP 24/CS TITAN ULTRA CONTENANT PLUS PROFOND 24/CS UPC Pack: 059212996892 UPC Case: 059212996908,CASE,0.90,21.60
BZ92017,TITAN MEDIUM ROASTER 10/PK X 10/CS TITAN ROTISSOIRE MOYENNE 10/PQT X 10/CS UPC Pack: 059212315228 UPC Case: 059212315211,CASE,9.24,92.42
BZ92017B,TITAN MEDIUM ROASTER 3/PK X 24/CS TITAN ROTISSOIRE MOYENNE 3/PQT X 24/CS UPC Pack: 059212315242 UPC Case: 059212315235,CASE,3.12,74.88
BZ92017CR,TITAN MEDIUM ROASTER 1/PK W/LID X 12/CS TITAN ROTISSOIRE MOYENNES AVEC COUVERCLE 12/CS UPC Pack: 059212321397 UPC Case: 059212321403,CASE,2.31,27.69
BZ92019,TITAN FOIL FULL SIZE STEAM TABLE PANS DEEP HD 50/CS (1282034) TITAN FOIL TABLE A VAPEUR PROFONDES ROBUSTE EN ALUM 50/CS (1282034) UPC Pack: UPC Case: 059212996939,CASE,1.43,71.50
BZ92019R,TITAN ULTRA FULL STEAM ROASTER PAN 24/CS TITAN ULTRA ROTISSOIRES RECTANGULAIRES 24/CS UPC Pack: 059212996854 UPC Case: 059212996861,CASE,1.63,39.12
BZ92063R,TITAN FOIL MULTIPURPOSE UTILITY PAN 24/CS TITAN FOIL MULTI-USAGE UTILITAIRE PAN 24/CS UPC Pack: 059212310452 UPC Case: 059212310469,CASE,1.27,30.48
BZ90925R,TITAN FOIL SMALL UTILITY CONTAINER WITH ROLLED RIM 6/PK X 24/CS TITAN FOIL CONTENANTS UTILITAIRE EN ALUMINIUM 6/PK X 24/CS UPC Pack: 059212000889 UPC Case: 059212000896,CASE,1.16,27.84
BZ94020R,TITAN ULTRA MED. ALUM. RECT. ROASTER 24/CS TITAN ULTRA ROTISSOIRES RECTANGULAIRES MOYENNES EN ALUMINIUM 24/CS UPC Pack: 059212997325 UPC Case: 059212997332,CASE,1.50,36.00
BZ94021R,TITAN FOIL FULL STEAM SHALLOW ROASTER PAN 24/CS TITAN FOIL ROTISSOIRES RECTANGULAIRES PEU PROFONDE 24/CS UPC Pack: 059212996830 UPC Case: 059212996847,CASE,1.35,32.40
BZ94035R,TITAN 1/3 SIZE DEEP STEAM PANS (5 LBS LOAF) 2/PK X 24/CS TITAN PROFOND UN TIERS CONTENANT EN ALUM 2/PQT X 24/CS UPC Pack: 059212996915 UPC Case: 059212996922,CASE,1.02,24.48
BZ90915CR,TITAN FOIL 3 LB ALUM TAKE OUT PANS WITH DOME LIDS 3/PK X 24/CS TITAN FOIL CONT POUR EMP 3 LIVRES EN ALUM AVEC COUVERCLE EN DOME 3/PK X 24/CS UPC Pack: 059212310094 UPC Case: 059212310100,CASE,1.16,27.84
BZ92058CR,"TITAN FOIL 8"" ROUND ALUM. CONTAINER WITH DOME LIDS 4/PK X 24/CS TITAN FOIL CONTENANT 8"" EN ALUM AVEC COUVERCLE EN DOME 4/PK X 24/CS UPC Pack: 059212002036 UPC Case: 059212002043",CASE,1.34,32.16
BZ90920CR,TITAN FOIL 4 LB SHALLOW ALUM TAKE OUT WITH DOME LIDS 2/PK X 24/CS TITAN FOIL CONT POUR EMP 1800 ML EN ALUM AVEC COUVERCLE EN DOME 2/PK X 24/CS UPC Pack: 059212002074 UPC Case: 059212002081,CASE,1.77,42.48
BZ94007CR,TITAN FOIL POT PIE PANS WITH DOME LIDS 6/PK X 24/CS TITAN FOIL ASSIETTES TOURTE AU POT EN ALUM AVEC COUVERCLES EN DOME 6/PK X 24/CS UPC Pack: 059212310032 UPC Case: 059212310049,CASE,1.09,26.16
BZA2048,TITAN FOIL MINI ALUMINIUM TART PANS 16 x 24/CS TITAN FOIL ASSIETTES A MINI TARTELETTE EN ALUMINIUM 16 x 24/CS UPC Pack: 059212310117 UPC Case: 059212310124,CASE,0.59,14.16
BZA0930,TITAN ALUMINIUM QUICHE PANS 3/PK x 24/CS TITAN ASSIETTES A QUICHE EN ALUMINIUM 3/PQT x 24/CS UPC Pack: 059212652804 UPC Case: 059212652866,CASE,0.86,20.64
BZA0931,TITAN ALUMINIUM BBQ PANS 2/PK x 24/CS TITAN PLATS POUR GRILLER EN ALUMINIUM 2/PQT x 24/CS UPC Pack: 059212652828 UPC Case: 059212652880,CASE,0.98,23.52
BZA0932,TITAN CREME BRULEE PANS 12/PK x 24/CS TITAN ASSIETTES POUR CREME BRULEE 12/PQT x 24/CS UPC Pack: 059212652842 UPC Case: 059212652903,CASE,0.91,21.84
BZA0934,TITAN-FOIL BAKING CUPS 16/PKx24/CS TITAN-FOIL MOULES A GATEAUX 16PQTx24/CS UPC Pack: 059212652941 UPC Case: 059212652958,CASE,1.04,24.96
BZA0010,TITAN-FOIL SMALL ELECTRIC BURNER LINERS HD 10 x 24/CS TITAN-FOIL PETITS PROTEGE-CUVETTES POUR CUISINIERE HD 10 x 24/CS UPC Pack: 059212650138 UPC Case: 059212650145,CASE,0.97,23.28
BZA006,TITAN LARGE ELECTRIC BURNER LINERS HD - 6 x 24/CS TITAN GRANDS PROTEGE-CUVETTES POUR CUISINIERE ELECTRIQUE HD 6x24/CS UPC Pack: 059212650107 UPC Case: 059212650114,CASE,1.22,29.28
BZ98321,TITAN FOIL HALF SIZE STEAM TABLE PANS DEEP HD 100/CS (1282027) TITAN TABLE A VAPEUR DEMI TAILLE PROFONDE ROBUSTE 100/CS (1282027) UPC Pack: UPC Case: 059212997509,CASE,51.10,51.10
BZ90310R,TITAN FOIL RECTANGULAR DEEP CAKE PAN 5/PK X 24/CS TITAN FOIL CONTENANT PROFOND GATEAUX RECTANGULAIRE 5/PK X 24/CS UPC Pack: 059212999077 UPC Case: 059212999084,CASE,1.59,38.16
BZ9D0510,TITAN ULTRA BBQ GRILL PANS 5/PK X 56/DISPLAY TITAN ULTRA PLATS A GRILLER EN ALUMINIUM 5/PQ X 56/PRESENTOIR UPC Pack: 059212327801 UPC Case: 059212327818,CASE,2.31,129.36
BZ9D1365HD,TITAN FOIL HD LARGE ALUMINUM OBLONG ROASTER 1/PK X 70/DISPLAY TITAN FOIL GRANDE ROTISSOIRE OBLONGUE EN ALUMINIUM 1/PQ X 70/PRESENTOIR UPC Pack: 059212318106 UPC Case: 059212322998,EACH,119.11,119.11
BZ90321U,TITAN ULTRA HALF STEAM DEEP 10/PK X 345/POD TITAN ULTRA CONTENANT EN DEMI PROFOND EN ALUMINIUM 10/PK X 345/POD UPC Pack: 059212321809 UPC Case: 059212322455,EACH,4.30,1483.50
BZ90321U2,TITAN ULTRA HALF STEAM DEEP 25/PK X 135/POD TITAN ULTRA CONTENANT EN DEMI PROFOND EN ALUMINIUM 25/PK X 135/POD UPC Pack: 059212321519 UPC Case:,EACH,10.40,1404.00
BZ90321U3,TITAN ULTRA HALF STEAM DEEP 30/PK X 105/POD TITAN ULTRA CONTENANT EN DEMI PROFOND EN ALUMINIUM 30/PK X 105/POD UPC Pack: 059212321816 UPC Case:,EACH,12.34,1295.70
BZ92019AP,TITAN FOIL FULL SIZE DEEP STEAM TABLE PANS 5/PK X 276/POD TITAN CONTENANTS GRAND PROFONDS EN ALUM 5/PK X 276/POD UPC Pack: 059212311022 UPC Case: 059212311039,EACH,7.94,2191.44
BZ92049L,TITAN FOIL LIDS FOR HALF STEAM PANS 100/CS (1304080) TITAN COUVERCLES EN ALUMINIUM POUR TABLE A VAPEUR DEMI TAILLE 100/CS (1304080) UPC Pack: UPC Case: 059212996991,CASE,0.30,29.70
BZ92050L,TITAN FOIL LIDS FOR FULL STEAM PANS 50/CS (1306280) TITAN COUVERCLES EN ALUM POUR TABLE A VAPEUR 50/CS (1306280) UPC Pack: UPC Case: 059212997011,CASE,0.66,33.00
BZA0303,3011775/3100164 - TITAN-FOIL OVEN LINERS 1 x 50/CS 3011775/3100164 - TITAN-FOIL PROTEGE FOUR EN ALUMINIUM 1 x 50/CS UPC Pack: 059212650725 UPC Case: 059212987920,CASE,0.85,42.50
BZ9712,"TITAN 12"" ALUMINIUM ROUND SERVING TRAYS 25/CS (1067218) TITAN PLATEAUX DE SERVICE RONDS EN ALUMINIUM 12"" 25/CS (1067218) UPC Pack: 059212312258 UPC Case: 059212312265",CASE,0.71,17.75
BZ9712C,"TITAN 12"" ALUMINIUM ROUND SERVING 5/PK - 5PK/CS TITAN PLATEAUX DE SERVICE RONDS EN ALUMINIUM 12"" 5/PQ - 5PQ/CTN UPC Pack: 059212318229 UPC Case: 059212318236",CASE,3.78,18.90
BZ9712L,"TITAN P.S. DOME LIDS FOR 12"" ALUMINUM SERVING TRAYS 25/CS (1067210) TITAN COUVERCLES EN P.S. POUR PLATEAUX DE SERVICE EN ALUMINIUM 12"" 25/CS (1067210) UPC Pack: 059212312319 UPC Case: 059212312326",CASE,0.70,17.50
BZ9712LC,"TITAN P.S. DOME LIDS FOR 12"" ALUMINUM SERVING TRAYS 5/PK - 5/CS TITAN COUVERCLES EN P.S. POUR PLATEAUX DE SERVICE EN ALUM. 12"" 5/PQT - 5/CTN UPC Pack: 059212318281 UPC Case: 059212318298",CASE,2.95,14.75
BZ9714,"TITAN 14"" ALUMINIUM ROUND SERVING TRAYS 25/CS TITAN PLATEAUX DE SERVICE RONDS EN ALUMINIUM 14"" 25/CS UPC Pack: 059212312715 UPC Case: 059212312722",CASE,1.13,28.25
BZ9716,"TITAN 16"" ALUMINIUM ROUND SERVING TRAYS 25/CS (1597661) TITAN PLATEAUX DE SERVICE RONDS EN ALUMINIUM 16"" 25/CS (1597661) UPC Pack: 059212312272 UPC Case: 059212312289",CASE,1.35,33.75
BZ9716C,"TITAN 16"" ALUMINIUM ROUND SERVING 5/PK - 5PK/CS TITAN PLATEAUX DE SERVICE RONDS EN ALUMINIUM 16"" 5/PQ - 5PQ/CTN UPC Pack: 059212318243 UPC Case: 059212318250",CASE,7.01,35.05
BZ9716L,"TITAN P.S. DOME LIDS FOR 16"" ALUMINUM SERVING TRAYS 25/CS (1597671) TITAN COUVERCLES EN P.S. POUR PLATEAUX DE SERVICE EN ALUMINIUM 16"" 25/CS (1597671) UPC Pack: 059212312333 UPC Case: 059212312340",CASE,1.09,27.25
BZ9716LC,"TITAN P.S. DOME LIDS FOR 16"" ALUMINUM SERVING TRAYS 5/PK - 5/CS TITAN COUVERCLES EN P.S. POUR PLATEAUX DE SERVICE EN ALUM. 16"" 5/PQT - 5/CTN UPC Pack: 059212318304 UPC Case: 059212318311",CASE,5.36,26.80
BZ9718,"TITAN 18"" ALUMINIUM ROUND SERVING TRAYS 25/CS TITAN PLATEAUX DE SERVICE RONDS EN ALUMINIUM 18"" 25/CS UPC Pack: 059212312296 UPC Case: 059212312302",CASE,1.82,45.50
BZ9718C,"TITAN 18"" ALUMINIUM ROUND SERVING 5/PK - 5PK/CS TITAN PLATEAUX DE SERVICE RONDS EN ALUMINIUM 18"" 5/PQ - 5PQ/CTN UPC Pack: 059212318267 UPC Case: 059212318274",CASE,9.50,47.50
BZ9718L,"TITAN P.S. DOME LIDS FOR 18"" ALUMINUM SERVING TRAYS 25/CS TITAN COUVERCLES EN P.S. POUR PLATEAUX DE SERVICE EN ALUMINIUM 18"" 25/CS UPC Pack: 059212312357 UPC Case: 059212312364",CASE,1.44,36.00
BZ9718LC,"TITAN P.S. DOME LIDS FOR 18"" ALUMINUM SERVING TRAYS 5/PK - 5/CS TITAN COUVERCLES EN P.S. POUR PLATEAUX DE SERVICE EN ALUM. 18"" 5/PQT - 5/CTN UPC Pack: 059212318328 UPC Case: 059212318335",CASE,7.11,35.55
BP034R,"8"" FLUTED DOME DP 3.4"" W/ RED BASE 100/CS (615934) CONTENANT 8"" BOMBER 3.4"" PLAT ROUGE 100/CS (615934) UPC Pack: UPC Case: 055316514789",CASE,0.70,70.00
BP07446,"8.5"" HALF CAKE DOME W/BLACK BASE OPS 100/CS CLOCHE A GATEAU 8.5"" AVEC BASE NOIRE OPS 100/CS UPC Pack: UPC Case:",CASE,1.17,117.00
BPLAC2,"11"" ROUND CONTAINER W/ 2.68"" LID COMBO 28/CS CONTENANT ROND 11"" AVEC COUVERCLE 2.68"" COMBO 28/CS UPC Pack: UPC Case: 55316509808",CASE,1.19,33.32
BP518L,"18"" CLEAR PLATTER DOME LID 25/CS DOME TRANSPARENT POUR PLAT DE 18"" 25/CS UPC Pack: UPC Case: 10074506543924",CASE,1.73,43.31
BP1406L,"PET LID FOR CAKE BOARD 15"" X 7"" 96/CS (1453363) COUVERCLE EN PET POUR PLAQUE A GATEAU 15""X 7"" 96/CS UPC Pack: UPC Case: 059212310353",CASE,0.74,71.06
FFE24,"CHAFING FUEL, ETHANOL RED 24/CS COMBUSTIBLE EN GEL D’ETHANOL (ROUGE) 24/CS UPC Pack: 685100179018 UPC Case: 685100179117",CASE,1.15,27.60
FFM24,"CHAFING FUEL, METHANOL BLUE 24/CS COMBUSTIBLE EN GEL DE METHANOL (BLUE) 24/CS UPC Pack: 685100178011 UPC Case: 685100178110",CASE,0.99,23.76
FFW24,"CHAFING FUEL 6 HOUR SCREW CAP WICK 24CASE FROTTEMENT DU CARBURANT, 6 HEURES MECHE A BOUCHON A VIS 24/CS UPC Pack: UPC Case: 685100177113",CASE,2.44,58.56
BZABR,RESTO FULL STEAM WIRE CHAFING RACK 1/PK X 12/CS SUPPORT EN METAL POUR RECHAUD RESTO 1/PK x 12/CS UPC Pack: 059212974883 UPC Case: 059212974890,CASE,4.88,58.56
BZABRH,RESTO HALF STEAM CHROME WIRE CHAFFING RACK 1/PK x 24/CS RESTO SUPPORT A RECHAUD EN CHROME DEMI-VAPEUR 1/PK x 24/CS UPC Pack: 059212974913 UPC Case: 059212974920,CASE,3.24,77.76
LB31116,SANI-GUARD DISPOSABLE LDPE GLOVES S/M 75/PK X 24/CS SANI-GUARD GANTS JETABLES LDPE P/M 75/PK X 24/CS UPC Pack: 059212993167 UPC Case: 059212993174,CASE,0.79,18.88
LB31117,SANI-GUARD DISPOSABLE LDPE GLOVES L/XL 75/PK X 24/CS SANI-GUARD GANTS JETABLES LDPE G/TG 75/PK X 24/CS UPC Pack: 059212993181 UPC Case: 059212993198,CASE,0.79,18.88
LB31118,SANI-GUARD DISPOSABLE LDPE GLOVES S/M 500/PK X 20/CS(1414143) SANI-GUARD GANTS JETABLES LDPE P/M 500/PK X 20/CS UPC Pack: 059212993204 UPC Case: 059212993211,CASE,3.58,71.62
LB31119,SANI-GUARD DISPOSABLE LDPE GLOVES L/XL 500/PK X 20/CS(1414144) SANI-GUARD GANTS JETABLES LDPE G/TG 500/PK X 20/CS UPC Pack: 059212993228 UPC Case: 059212993235,CASE,3.58,71.62
LB31120,SANI-GUARD VINYL GLOVES SIZE S/M 12/PK x 24/CS x 6/MC SANI-GUARD VINYLE GANTS PETIT/MOYEN 12/PQT x 24/CS x 6/MC UPC Pack: 056677001000 UPC Case: 056677001031,CASE,0.81,19.44
LB31125,SANI-GUARD VINYL GLOVES L-XL 12/PK x 24/CS x 6/MC SANI-GUARD GANT VINYLE L-XL 12/PQT x 24/CS x 6/MC UPC Pack: 056677001017 UPC Case: 056677001048,CASE,0.81,19.44
LB31130,SANI-GUARD PREMIUM DISH GLOVES SMALL 1/PR X 24/CS SANI-GUARD PREM GANTS REUTILISABLE EN VINYLE PETIT 1/PR X 24/CS UPC Pack: 059212310933 UPC Case: 059212310940,CASE,1.06,25.44
LB31131,SANI-GUARD PREMIUM DISH GLOVES MED 1/PR X 24/CS SANI-GUARD PREM GANTS REUTILISABLE EN VINYLE MEDIUM 1/PR X 24/CS UPC Pack: 059212310964 UPC Case: 059212310971,CASE,1.06,25.44
LB31132,SANI-GUARD PREMIUM DISH GLOVES LG 1/PR X 24/CS SANI-GUARD PREM GANTS REUTILISABLE EN VINYLE LARGE 1/PR X 24/CS UPC Pack: 059212310995 UPC Case: 059212311008,CASE,1.06,25.44
LB31138A,SANI-GUARD RUBBER GLOVES SMALL 24/CS SANI-GUARD GANTS DE CAOUTCHOUC PETIT 24/CS UPC Pack: 059212319806 UPC Case: 059212319813,CASE,0.81,19.53
LB31238A,SANI-GUARD RUBBER GLOVES MEDIUM 24/CS SANI-GUARD GANTS DE CAOUTCHOUC MOYENS 24/CS UPC Pack: 059212319769 UPC Case: 059212319776,CASE,0.80,19.20
LB31338A,SANI-GUARD RUBBER GLOVES LARGE 24/CS SANI-GUARD GANTS DE CAOUTCHOUC GRAND 24/CS UPC Pack: 059212319837 UPC Case: 059212319844,CASE,0.77,18.48
LB31438A,SANI-GUARD RUBBER GLOVES X-LARGE 24/CS SANI-GUARD GANTS DE CAOUTCHOUC T-GRAND 24/CS UPC Pack: 059212319868 UPC Case: 059212319875,CASE,0.77,18.48
MGCOTL,SANI-GUARD PLAIN LARGE WHITE COTTON GLOVES 1 PAIR 24/CS 10/MC SANI-GUARD GANTS LARGE EN COTTON BLANC SIMPLE 1 PAIRE 24/CS 10/MC UPC Pack: 059212995086 UPC Case: 059212995109,CASE,0.98,23.52
MG83LB,SANI-GUARD PF BLUE VINYL GLOVES LARGE 100/BOX x 10/CS (1736226) SANI-GUARD GANTS VINYLE BLEU LARGE 100/BTE x 10/CS (1736226) UPC Pack: 059212720893 UPC Case: 059212720909,CASE,4.71,47.10
MG83MB,SANI-GUARD PF BLUE VINYL GLOVES MEDIUM 100/BOX x 10/CS (1736225) SANI-GUARD GANTS VINYLE BLEU MOYEN 100/BTE x 10/CS (1736225) UPC Pack: 059212720879 UPC Case: 059212720886,CASE,4.71,47.10
MG83XLB,SANI-GUARD PF BLUE VINYL GLOVES X-LARGE 100/BOX x 10/CS (1736227) SANI-GUARD GANTS VINYLE BLEU X-LARGE 100/BOITE x 10/CS (1736227) UPC Pack: 059212720930 UPC Case: 059212720947,CASE,4.71,47.10
MG831L,SANI-GUARD VINYL GLOVES LARGE 100/BOX x 10/CS SANI-GUARD GANTS VINYLE GRAND 100/BOITE x 10/CS UPC Pack: 059212991590 UPC Case: 059212992542,CASE,4.47,44.70
MG831M,SANI-GUARD VINYL GLOVES MEDIUM 100/BOX x 10/CS SANI-GUARD GANTS VINYLE MOYEN 100/BOITE x 10/CS UPC Pack: 059212991583 UPC Case: 059212992535,CASE,4.47,44.70
MG831S,SANI-GUARD VINYL GLOVES SMALL 100/BOX x 10/CS SANI-GUARD GANTS VINYLE PETIT 100/BOITE x 10/CS UPC Pack: 059212991576 UPC Case: 059212992528,CASE,4.47,44.70
MG831XL,SANI-GUARD VINYL GLOVES X-LARGE 100/BOX x 10/CS SANI-GUARD GANTS VINYLE TRES GRAND 100/BOITE x 10/CS UPC Pack: 059212991606 UPC Case: 059212992559,CASE,4.47,44.70
MGNITRM,SANI-GUARD NITRILE GLOVES RETAIL MEDIUM 6/BAG x 36/CS SANI-GUARD GANTS NITRILE MEDIUM 6/SAC x 36/CS UPC Pack: 059212990319 UPC Case: 059212990326,CASE,0.77,27.72
MGNITRL,SANI-GUARD NITRILE GLOVES RETAIL LARGE 6/BAG x 36/CS SANI-GUARD GANTS NITRILE GRAND 6/SAC x 36/CS UPC Pack: 059212990333 UPC Case: 059212990340,CASE,0.77,27.72
MGNIT60L,SANI-GUARD NITRILE GLOVES LARGE 100/BOX x 10/CS SANI-GUARD GANTS NITRILE LARGE 100/BOITE x 10/CS UPC Pack: 059212990173 UPC Case: 059212990180,CASE,5.74,57.40
MGNIT50S,SANI-GUARD NITRILE GLOVES SMALL 100/BOX x 10/CS SANI-GUARD GANTS NITRILE PETIT 100/BOITE x 10/CS UPC Pack: 059212990135 UPC Case: 059212990142,CASE,5.74,57.40
MGNIT55M,SANI-GUARD NITRILE GLOVES MEDIUM 100/BOX x 10/CS SANI-GUARD GANTS NITRILE MOYEN 100/BOITE x 10/CS UPC Pack: 059212990159 UPC Case: 059212990166,CASE,5.74,57.40
MGNIT65XL,SANI-GUARD NITRILE GLOVES X-LARGE 100/BOX x 10/CS SANI-GUARD GANTS NITRILE GRAND 100/BOITE x 10/CS UPC Pack: 059212990197 UPC Case: 059212990203,CASE,5.74,57.40
MGNIT70XXL,SANI-GUARD NITRILE GLOVES XX-LARGE 100/BOX x 10/CS SANI-GUARD GANTS NITRILE TT-GRANDE 100/BOITE x 10/CS UPC Pack: 059212990210 UPC Case: 059212990227,CASE,5.74,57.40
MGNITBRL,SANI-GUARD BLACK NITRILE GLOVES RETAIL LARGE 6/BAG x 36/CS SANI-GUARD GANTS NITRILE NOIR LARGE 6/SAC x 36/CS UPC Pack: 059212315044 UPC Case: 059212315051,CASE,0.78,28.08
MGNITBRM,SANI-GUARD BLACK NITRILE GLOVES RETAIL MEDIUM 6/BAG x 36/CS SANI-GUARD GANTS NITRILE NOIR MOYEN 6/SAC x 36/CS UPC Pack: 059212315068 UPC Case: 059212315075,CASE,0.78,28.08
MGNITB55M,SANI-GUARD BLACK NITRILE GLOVES MEDIUM 200/PK (6) SANI-GUARD GANTS NITRILE NOIR MOYEN 100/BOITE x 2 x 6/CS UPC Pack: 059212314962 UPC Case: 059212314979,EACH,19.47,116.82
MGNITB60L,SANI-GUARD BLACK NITRILE GLOVES LARGE 200/PK x 6/CS SANI-GUARD GANTS NITRILE NOIR LARGE 100/BOITE x 2 x 6/CS UPC Pack: 059212314986 UPC Case: 059212314993,EACH,19.47,116.82
MGNITB65XL,SANI-GUARD BLACK NITRILE GLOVES X-LARGE 200/PK (6) SANI-GUARD GANTS NITRILE NOIR X-LARGE 100/BOITE x 2 x 5/CS UPC Pack: 059212315006 UPC Case: 059212315013,EACH,19.47,116.82
MGNITB70XXL,SANI-GUARD BLACK NITRILE GLOVES XX-LARGE 200/PK (6) SANI-GUARD GANTS NITRILE NOIR XX-LARGE 100/BOITE x 2 x 5/CS UPC Pack: 059212315020 UPC Case: 059212315037,EACH,19.47,116.82
KM100,KODIAK MICROFIBRE KITCHEN CLOTH 24/CS KODIAK LINGE DE MICROFIBRE POUR LA CUISINE 24/CS UPC Pack: 059212508408 UPC Case: 059212508422,CASE,1.13,27.12
KM110,KODIAK MICROBFIBRE TEA TOWEL 24/CS KODIAK LINGE DE MICROFIBRE POUR VAISELLE 24/CS UPC Pack: 059212508903 UPC Case: 059212508910,CASE,1.17,28.08
KM120,KODIAK MICROFIBER DRYING CLOTH 24/CS KODIAK CHIFFON DE SECHAGE EN MICROFIBRES 24/CS UPC Pack: 059212310131 UPC Case: 059212310148,CASE,0.80,19.20
KM200,KODIAK MICROFIBRE GLASS/MIRROR CLOTH 24/CS KODIAK LINGE DE MICROFIBRE POUR MIROIR/VERRE 24/CS UPC Pack: 059212508446 UPC Case: 059212508460,CASE,0.67,16.08
KM210,KODIAK MICROFIBRE ELECTRONICS CLOTH 24/CS KODIAK LINGE MICROFIBRE POUR DES APPAREILS ELECTRONIQUES 24/CS UPC Pack: 059212508927 UPC Case: 059212508934,CASE,0.71,17.04
KM300,KODIAK MICROFIBRE ALL PURPOSE CLOTH 24/CS KODIAK LINGE TOUT USAGE EN MICROFIBRE 24/CS UPC Pack: 059212508484 UPC Case: 059212508507,CASE,0.72,17.28
KM310,KODIAK MICROFIBRE STAINLESS STEEL CLEANING CLOTH 24/CS KODIAK LINGE MICROFIBRE POUR INOX 24/CS UPC Pack: 059212508941 UPC Case: 059212508958,CASE,0.70,16.80
KM600,KODIAK MICROFIBRE KITCHEN CLOTH WITH MESH 24/CS KODIAK LINGE EN MICROFIBRE POUR LA CUISINE 24/CS UPC Pack: 059212508705 UPC Case: 059212508668,CASE,0.75,18.00
KM700,KODIAK AUTOMOTIVE MICROFIBER CLOTH PACK 3/PK X 24/CS CHIFFON EN MICROFIBRES PAQUET D'AUTOMOBILE KODIAK 3/PQT X 24/CS UPC Pack: 059212994492 UPC Case: 059212994508,CASE,1.89,45.36
KM720,KODIAK KITCHEN MICROFIBER CLOTH PACK 3/PK X 24/CS KODIAK CHIFFON EN MICROFIBRES PAQUET DE CUISINE 3/PQT X 24/CS UPC Pack: 059212994539 UPC Case: 059212994546,CASE,1.93,46.32
KM801,KODIAK MICROFIBER CLOTHS 8/PACK X 8/CS KODIAK CHIFFON EN MICROFIBRES 8/PQT X 8/CS UPC Pack: 059212310797 UPC Case: 059212310803,CASE,4.72,37.76
KM810,KODIAK ALL-PURPOSE MICROFIBER CLOTH PACK 5/PK X 24/CS KODIAK CHIFFON EN MICROFIBRES PAQUET TOUT USAGE 5/PQT X 24/CS UPC Pack: 059212994553 UPC Case: 059212994560,CASE,2.53,60.72
KM821,KODIAK WHITE MICROFIBER TOWELS 6/PACK X 10/CS KODIAK CHIFFON EN MICROFIBRES BLANC 6/PQT X 10/CS UPC Pack: 059212310810 UPC Case: 059212310827,CASE,4.90,49.00
KWS,KODIAK V-STATIC SWEEPER 6/CS KODIAK BALAI V-STATIC 6/CS UPC Pack: 059212604124 UPC Case: 059212604131,CASE,6.66,39.96
KW2T,KODIAK V-STATIC KLEEN WET WIPES 12/PK 24/CS KODIAK V-STATIC KLEEN CHIFFONS HUMIDES 12/PK 24/CS UPC Pack: 059212508767 UPC Case: 059212508781,CASE,1.08,25.92
KW3T,KODIAK V-STATIC DRY WIPES 15/PK x 24/CS KODIAK V-STATIC CHIFFONS SECS 15/PQ x 24/CA UPC Pack: 059212993334 UPC Case: 059212993341,CASE,1.33,31.92
KW4,KODIAK V-STATIC KLEEN SCRUBBER 8/PK 24/CS KODIAK V-STATIC KLEEN RECURREUR 8/PK 24/CS UPC Pack: 059212509009 UPC Case: 059212509016,CASE,1.45,34.80
KWD1,KODIAK V-STATIC DUSTER + 5 REFILLS 24/CS KODIAK PLUMEAU V-STATIC + 5 RECHARGES 24/CS UPC Pack: 059212604148 UPC Case: 059212604155,CASE,1.93,46.32
KWD1R,KODIAK V-STATIC DUSTER REFILLS (6) 24/CS KODIAK RECHARGES POUR PLUMEAU V-STATIC (6) 24/CS UPC Pack: 059212604162 UPC Case: 059212604179,CASE,1.57,37.68
KWD2,KODIAK V-STATIC 360 DUSTER + 4 REF 24/CS KODIAK PLUMEAU 360 V-STATIC + 4 RECH 24/CS UPC Pack: 059212604186 UPC Case: 059212604193,CASE,1.74,41.76
KWD2R,KODIAK V-STATIC 360 DUSTER REFILLS (5) 24/CS KODIAK RECHARCHES POUR PLUMEAU 360 V-STATIC (5) 24/CS UPC Pack: 059212604209 UPC Case: 059212604216,CASE,1.79,42.96
KW3,"KODIAK RE-USABLE NON WOVEN WIPES BLUE , 6/PK, 24PKS/CS KODIAK LINGES NON TISSES REUTILISABLES BLUE, 24 X 6PQT UPC Pack: 059212508644 UPC Case: 059212508743",CASE,0.76,18.24
KW5,KODIAK EYEGLASS & LENS WIPES 20/PK 24/CS KODIAK LINGETTES HUMIDES POUR LUNETTES 20/PK 24/CS UPC Pack: 059212959972 UPC Case: 059212959989,CASE,0.84,20.16
KW8,KODIAK PREMIUM WIPES 8/PACK 24/CS KODIAK CHIFFONS SUPERIEURS 8/PQ 24/CA UPC Pack: 059212995307 UPC Case: 059212995314,CASE,1.22,29.28
KW50,KODIAK FOODSERVICE TOWELS BLUE 50/PK X 4/CS KODIAK SERVIETTES DE SERVICE ALIMENTAIRE BLEU 50/PK X 4/CS UPC Pack: 059212314054 UPC Case: 059212314061,CASE,6.16,24.64
KS100,KODIAK SCOURING PADS GREEN/BLUE/WHITE 10/PK x 36/CS KODIAK TAMPONS A RECURER VERT/BLEU/BLANC 10/PQT x 36/CS UPC Pack: 059212508125 UPC Case: 059212508149,CASE,0.86,30.96
KS102,KODIAK HEAVY DUTY SCOURING PADS 5/PK x 36/CS KODIAK ULTRA RESISTANT TAMPONS A RECURER 5/PQT x 36/CS UPC Pack: 059212508132 UPC Case: 059212508156,CASE,0.72,25.92
KS150S,KODIAK 60G STAINLESS STEEL SCOURERS 12/PACK (1195870) KODIAK TAMPON ACIER INOXYDABLE 60G 12/PAQ (1195870) UPC Pack: 059212992344 UPC Case: 059212992351,EACH,10.91,87.28
KS200,KODIAK SCOURING SPONGE 10/PK x 36/CS KODIAK EPONGES A RECURER 10/PQT x 36/CS UPC Pack: 059212508163 UPC Case: 059212508187,CASE,1.28,46.08
KS205,KODIAK BBQ GRILL SCRUBBER 1/PACK x 36/CS KODIAK RECUREUR A BBQ 1/PQT x 36/CS UPC Pack: 059212508217 UPC Case: 059212508231,CASE,0.75,27.00
KS1000,KODIAK SCRUBBING SPONGE W/SOAP DISPENSER (1/PK x 24/CS) KODIAK EPONGE A RECURER AVEC DISTRIBUTRICE DE SAVON (1/PK x 24/CS) UPC Pack: 059212313088 UPC Case: 059212313095,CASE,1.27,30.48
KS1001,KODIAK REFILL FOR SCRUBBING BRUSH (2/PK x 24/CS) KODIAK RECHARGE POUR BROSSE A RECURER (2/PK x 24/CS) UPC Pack: 059212313101 UPC Case: 059212313118,CASE,0.91,21.84
KS204,KODIAK ALL-PURPOSE CELLULOSE SPONGE (4/PK x 24/CS) KODIAK EPONGE EN CELLULOSE TOUT USAGE (4/PK x 24/CS) UPC Pack: 059212313002 UPC Case: 059212313019,CASE,1.58,37.92
KS210,KODIAK HEAVY-DUTY CELLULOSE SCRUBBING SPONGES (3/PK x 24/CS) KODIAK EPONGES A RECURER EN CELLULOSE ULTRA-RSISTANTES (3/PK x 24/CS) UPC Pack: 059212313026 UPC Case: 059212313033,CASE,1.45,34.80
KS220,KODIAK CELLULOSE SCRUBBING SPONGES (3/PK x 24/CS) KODIAK EPONGE A RECURER EN CELLULOSE (3/PK x 24/CS) UPC Pack: 059212313040 UPC Case: 059212313057,CASE,1.44,34.56
KS330,KODIAK CELLULOSE SCRUBBING PADS (3/PK x 24/CS) KODIAK TAMPON A RECURER EN CELLULOSE (3/PK x 24/CS) UPC Pack: 059212313064 UPC Case: 059212313071,CASE,1.06,25.44
KS800,KODIAK SCOURING SPONGES 6/PK x 36/CS KODIAK EPONGES A RECURER 6/PQT x 36/CS UPC Pack: 059212508392 UPC Case: 059212508415,CASE,1.01,36.36
KS900,KODIAK STEEL WOOL SOAP PADS 12PK X 24/CS KODIAK TAMPONS D'ACIER SAVONNEUX 12/PQT X 24/CS UPC Pack: 059212508804 UPC Case: 059212508828,CASE,0.98,23.52
KS405,KODIAK COPPER SCOURERS 3/PK 12/CS KODIAK TAMPONS A RECURER CUIVRES 3/PQT 12/CS UPC Pack: 059212992382 UPC Case: 059212992399,CASE,1.20,14.40
KS450,KODIAK COPPER LONG HANDLED SCOURER 1/PK 12/CS KODIAK EPONGES A RECURER AVEC MANCHE LONG 1/PQ 12/CS UPC Pack: 059212992405 UPC Case: 059212992412,CASE,1.01,12.12
KS501,KODIAK GALVANIZED STEEL SCOURERS 4/PK x 12/CS KODIAK TAMPONS A RECURER GALVANISES 4/PK x 12/CS UPC Pack: 059212992443 UPC Case: 059212992450,CASE,1.45,17.40
KS550,KODIAK GALVANIZED STEEL LONG HANDLED SCOURERS 1/PK 12/CS KODIAK TAMPONS A RECURER GALVANISES AVEC MANCHE LONG 1/PK 12/CS UPC Pack: 059212992467 UPC Case: 059212992474,CASE,1.03,12.36
KS575,KODIAK GALV. STEEL SCOURERS W/HANDLE 2/PK 24/CS KODIAK TAMPONS A RECURER GALVANISES AVEC MANCHE 2/PK 24/CS UPC Pack: 059212992481 UPC Case: 059212992498,CASE,1.31,31.44
KS605,KODIAK PLASTIC SCOURERS 4/PACK 12/CS KODIAK TAMPONS EN PLASTIQUE 4/PK 12/CS UPC Pack: 059212992429 UPC Case: 059212992436,CASE,0.97,11.64
MMB10,V-KLEEN COTTON DISH BRUSH 24/CASE V-KLEEN BROSSE A VAISELLE COTON 24/CS UPC Pack: 059212504806 UPC Case: 059212504813,CASE,1.38,33.12
MMB11,V-KLEEN SCRUB BRUSH WITH HANDLE 24/CASE V-KLEEN BROSSE A FROTTER AVEC POINGNEE 24/CS UPC Pack: 059212504820 UPC Case: 059212504837,CASE,1.67,40.08
MMB12,V-KLEEN ROUND HEAD DISH BRUSH 24/CASE V-KLEEN BROSSE A VAISELLE TETE RONDE 24/CS UPC Pack: 059212504844 UPC Case: 059212504851,CASE,1.06,25.44
MMB13,V-KLEEN VEGETABLE BRUSH 24/CASE V-KLEEN BROSSE A LEGUMES 24/CS UPC Pack: 059212504868 UPC Case: 059212504875,CASE,0.69,16.56
MMB14,V-KLEEN SCRUB BRUSH 24/CASE V-KLEEN BROSSE A FROTTER 24/CS UPC Pack: 059212504882 UPC Case: 059212504899,CASE,1.42,34.08
MMB15,V-KLEEN TWO PURPOSE DISH BRUSH 24/CASE V-KLEEN BROSSE A VAISSELLE AVEC DEUX UTILITE 24/CS UPC Pack: 059212504905 UPC Case: 059212504912,CASE,1.33,31.92
MMB16,V-KLEEN SQUEEGEE 24/CASE V-KLEEN SQUEEGEE 24/CS UPC Pack: 059212504936 UPC Case: 059212504929,CASE,1.00,24.00
MMB17,V-KLEEN HANDLE BRUSH 24/CASE V-KLEEN BROSSE AVEC POIGNEE 24/CS UPC Pack: 059212504943 UPC Case: 059212504950,CASE,1.61,38.64
MMB18,V-KLEEN TILE BRUSH 24/CASE V-KLEEN BROSSE POUR TUILE 24/CS UPC Pack: 059212504967 UPC Case: 059212504974,CASE,0.97,23.28
MMB19,V-KLEEN BOTTLE BRUSH 24/CASE V-KLEEN BROSSE DE BOUTEILLE 24/CS UPC Pack: 059212504981 UPC Case: 059212504998,CASE,1.19,28.56
KBTB1,KODIAK TOILET BRUSH W/ HOLDER 12/CS BROSSE KODIAK POUR TOILETTE AVEC SUPPORT 12/CS UPC Pack: 059212930452 UPC Case: 059212930506,CASE,2.33,27.96
KMWTR,KODIAK FINA WASHING SYSTEM 6/CS KODIAK FINA SYSTEM DE NETTOYAGE 6/CS UPC Pack: 059212988095 UPC Case: 059212988101,CASE,9.75,58.50
KMWTR1K,KODIAK FINA REFILL DUSTING HEAD 6/CS x 4/MC KODIAK FINA RECHARGE TETE POUR LA POUSSIERE 6/CS UPC Pack: 059212988118 UPC Case: 059212988125,CASE,2.52,15.12
KMWTR2K,KODIAK FINA REFILL WASHING HEAD 6/CS KODIAK FINA RECHARGE TETE POUR LE NETTOYAGE 6/CS UPC Pack: 059212988132 UPC Case: 059212988149,CASE,1.79,10.74
MSPG,KODIAK SPONGE MOP 1/PK X 6/CS KODIAKVADROUILLE EPONGE 1/PK X 6/CS UPC Pack: 059212988972 UPC Case: 059212988989,CASE,10.53,63.18
MSPGRK,KODIAK SPONGE REFILL 1/PK X 6/CS KODIAK RECHARGE EPONGE 1/PK X 6/CS UPC Pack: 059212988996 UPC Case: 059212989009,CASE,2.31,13.86
MSPMP,KODIAK SPRAY MOP WITH MICROFIBER PAD 1/PK 6/CS KODIAK VADROUILLE AVEC VAPO 1/PK 6/CS UPC Pack: 059212988880 UPC Case: 059212988897,CASE,14.29,85.74
MSPMR,KODIAK MICROFIBER PAD REFILL 1/PK X 12/CS KODIAK RECHARGE EN MICROFIBRE 1/PK X 12/CS UPC Pack: 059212988903 UPC Case: 059212988910,CASE,1.64,19.68
HJB1G2,KODIAK GREEN 14L BUCKET AND WRINGER 12/CASE KODIAK VERT SEAU ET ESSOREUSE 14L 12/CS UPC Pack: 059212312029 UPC Case: 059212312036,CASE,4.80,57.60
MMASGK,KODIAK ANGLE BROOM W/METAL HANDLE 6/CS KODIAK BALAI A ANGLE MANCHE EN METAL 6/CS UPC Pack: 059212501416 UPC Case: 059212501423,CASE,4.25,25.50
MMBDGK,KODIAK DUST PAN WITH BRUSH GREEN 6/CS KODIAK PORTE POUSSIERE AVEC BALAI VERT 6/CS UPC Pack: 059212988156 UPC Case: 059212988163,CASE,2.69,16.14
MMABCG,KODIAK LOBBY BROOM AND DUST PAN W/HANDLE AND HOOK 12/CS KODIAK BALAI AVEC MANCHE ET PORTE POUSSIERE 12/CS UPC Pack: 059212502796 UPC Case: 059212502802,CASE,4.86,58.32
MMSBGK,KODIAK STRAIGHT BROOM W/METAL HANDLE 12/CS KODIAK BALAI DROIT AVEC MANCHE EN METAL 12/CS UPC Pack: 059212501430 UPC Case: 059212501447,CASE,3.03,36.36
MMLDB,LOBBY DUST BROOM 12/CS BALAI POUR LOBBY 12/CS UPC Pack: UPC Case: 059212989528,CASE,2.44,29.28
MYMGK,KODIAK MICROFIBER MOP W/METAL HANDLE 6/CS KODIAK VADROUILLE EN MICROFIBRE MANCHE EN METAL 6/CS UPC Pack: 059212502819 UPC Case: 059212502826,CASE,4.87,29.22
HJB12,KODIAK BLACK 14L BUCKET AND WRINGER 12/CASE KODIAK NOIR SEAU ET ESSOREUSE 14L 12/CS UPC Pack: 059212312005 UPC Case: 059212312012,CASE,3.98,47.76
HKBHA2,KODIAK GRAY 9L BUCKET 12/CASE KODIAK SEAU GRIS 9L 12/CS UPC Pack: 059212312043 UPC Case: 059212312050,CASE,2.77,33.24
MMABC,LOBBY BROOM AND DUST PAN WITH HANDLE AND HOOK 12/CS BALAI AVEC MANCHE AVEC PORTE POUSSIERE AVEC CROCHET 12/CS UPC Pack: 059212501867 UPC Case: 059212501874,CASE,4.70,56.40
MMSB,KODIAK STRAIGHT BROOM WITH METAL HANDLE 24/CS BALAIS DROIT KODIAK AVEC MANCHE EN METAL 24/ CS UPC Pack: 059212501881 UPC Case: 059212501898,CASE,2.30,55.20
MMAR,ANGLE BROOM W/HOOK ASSORTED COLORS 24/CS BALAI A ANGLE A/CROCHET COULEURS ASSORTIS 24/CS UPC Pack: 059212501324 UPC Case: 059212501348,CASE,1.54,36.96
MMBD,KODIAK DUSTPAN & BRUSH ASSORTED COLORS 24/CS KODIAK PORTE POUSSIERE AVEC BALAI COULEURS ASSORTIS 24/CS UPC Pack: 059212501478 UPC Case: 059212501485,CASE,2.02,48.48
MMH121,BROOM HANDLE 120CM x 21MM BLACK 24/CS MANCHE A BALAI 120CM X 21MM NOIR 24/CS UPC Pack: 059212501973 UPC Case: 059212501966,CASE,1.13,27.12
MMH127,BROOM HANDLE 120CM X 21MM WHITE 24/CS MANCHE A BALAI 120CM X 21MM BLANC 24/CS UPC Pack: 059212501997 UPC Case: 059212501980,CASE,1.18,28.32
MYCSW,KODIAK #8 WHITE COTON YACHT MOP 24/CS KODIAK VADROUILLES YATCH EN COTON BLANC #8 24/CS UPC Pack: 059212791268 UPC Case: 059212791299,CASE,1.34,32.16
MYCMW,KODIAK #12 WHITE COTTON YANCHT MOP 24/CS KODIAK VADROUILLES YACHT EN COTON BLANC #12 24/CS UPC Pack: 059212791275 UPC Case: 059212791305,CASE,2.00,48.00
MYMF160T4,MICROFIBER MOP 4/PK x 28/TRAY x 2/PLT (1158261) VADROUILLE EN MICROFIBRE 4/PQT x28/CABARET x 2/PLT (1158261) UPC Pack: 059212791077 UPC Case:,EACH,15.69,439.32
MYCLW,KODIAK #16 WHITE COTTON YACHT MOP 24/CS KODIAK VADROUILLE YACHT EN COTON BLANC #16 24/CS UPC Pack: 059212791282 UPC Case: 059212791312,CASE,2.86,68.64
LB610,SUAVE 3PLY POCKET FACIAL TISSUE 10 TISSUE/PK x8PKS/BAGx24/CS=192PKS SUAVE MOUCHOIRS 3 EPAISSEURS 10/PQTx8PQTS/SACx24/CS=192PQTS UPC Pack: 059212720107 UPC Case: 059212720121,CASE,1.02,24.58
LB0910,SUAVE 2PLY FACIAL TISSUE 100 SHEETS 48/CASE SUAVE PAPIER MOUCHOIRS 2 EPAISSEURS 100/BOITE 48/CS UPC Pack: 059212001497 UPC Case: 059212001503,CASE,0.82,39.36
LB0913,SUAVE 2 PLY FACIAL TISSUE 130 SHEETS 48/CASE SUAVE PAPIER MOUCHOIRS 2 EPAISSEURS 130/BOITE 48/CS UPC Pack: 059212324046 UPC Case: 059212324053,CASE,1.10,52.87
LB0975CB,SUAVE 2 PLY FACIAL TISSUE CUBE BOX 75 SHEETS 36/CASE SUAVE PAPIER MOUCHOIRS 2 EPAISSEURS BOITE VERTICALE 75/BOITE 36/CS UPC Pack: 059212324060 UPC Case: 059212324077,CASE,0.97,34.91
BN101,SUAVE LUNCHEON NAPKINS 100/PK x 24/CS SUAVE SERVIETTES DE TABLE 100/PQT x 24/CS UPC Pack: 059212702202 UPC Case: 059212710924,CASE,1.34,32.16
BNLN1,SUAVE 1 PLY 1/4 FOLD LUNCHEON NAPKIN 500/PK x 12/CS (1133515) SUAVE SERVIETTE DINER 1 PLI 500/PK x 12/CS (1133515) UPC Pack: 059212991613 UPC Case: 059212991620,CASE,4.83,57.96
MPPTD,WHITE SWAN SINGLE ROLL PAPER TOWELS 70 SHEETS 30/CS WHITE SWAN ESSUIE TOUT 1 ROULEAU 70 FEUILLES 30/CS UPC Pack: 061328017026 UPC Case: 059212720732,CASE,1.35,40.50
MPPT210,WHITE SWAN 2PLY 210SHEETS JUMBO KITCHEN TOWEL 1/PK X 12/CS WHITE SWAN ESSUIE TOUT 2PLI 210 FEUILLES 1/PK X 12/CS UPC Pack: 061328011222 UPC Case:,CASE,3.62,43.44
MPTS,SUAVE PREMIUM TOILET PAPER 200 SHEETS DBL ROLL 3 PLY 4/PKx24/CS SUAVE PAPIER DE TOILETTE 198 FEUILLES 3PLY FORMAT DBL 4/PKx24/CS UPC Pack: 059212791329 UPC Case: 059212791336,CASE,2.25,54.00
MPT4,CASHMERE TOILET TISSUE 121SHEET/ROLL 4ROLL/PK X 24/CS CASHMERE PAPIER TOILETTE 121FEUILLES/ROUL. 4ROUL./PQT X 24/CS UPC Pack: 061328341053 UPC Case: 10061328341050,CASE,1.80,43.20
KWF200B,KODIAK BLUE FOOD SERVICE CLOTHS 200/BX KODIAK CHIFONS POUR SERVICE ALIMENTAIRE BLEU 200/BTE UPC Pack: 059212320321 UPC Case:,EACH,16.54,16.54
KWF200R,KODIAK PINK FOOD SERVICE CLOTHS 200/BX KODIAK CHIFFONS POUR SERVICE ALIMENTAIRE ROSE 200/BTE UPC Pack: 059212322554 UPC Case:,EACH,16.00,16.00
LB620,BELLE COSMETIC PADS 80/PK x 24/CS BELLE TAMPONS A DEMAQUILLER 80/PQT x 24/CS UPC Pack: 059212720077 UPC Case: 059212720114,CASE,0.94,22.56
LB630,BELLE COTTON BALLS 80/PK x 48/CS BELLE BOULES EN COTON 80/PQT x 48/CS UPC Pack: 059212720541 UPC Case: 059212720565,CASE,0.89,42.72
LB640,BELLE COSMETIC PADS 8CM 50/PK x 24/CS BELLE TAMPONS A DEMAQUILLER RONDS 8CM 50/PQT 24/CS UPC Pack: 059212995451 UPC Case: 059212995468,CASE,1.32,31.68
LB0300,BELLE COTTON SWABS 300/PK x 28/CS BELLE COTTON-TIGES 300/PQT x 28/CS UPC Pack: 059212720640 UPC Case: 059212720664,CASE,0.99,27.72
GKC20,iECO COMPOSTABLE KITCHEN BAGS 20/BOX x 24/CS iECO SACS DE CUISINE COMPOSTABLE 20/BOITE x 24/CS UPC Pack: 059212001398 UPC Case: 059212001381,CASE,1.93,46.32
BPGBCO,BROWN CAR ORDER BAGS DD65 400/CS SAC D EPICERIE EN PAPIER BRUN DD65 400/CS UPC Pack: UPC Case: 069199573801,CASE,0.18,72.24
BPGBC10,iECO COMPOSTABLE PAPER BAGS 10/PK x 12/CS iECO SACS EN PAPIER COMPOSTABLES 10/PK X 12/CS UPC Pack: 059212320451 UPC Case: 059212320468,CASE,3.85,46.23
BPGBC30,iECO COMPOSTABLE PAPER BAGS 30/PK x 4/CS iECO SACS EN PAPIER COMPOSTABLES 30/PK X 4/CS UPC Pack: 059212320475 UPC Case: 059212320482,CASE,10.75,43.01
GKK,KODIAK KITCHEN GARBAGE BAGS 20x22 16x36/CS GAUGE 0.6MIL KODIAK SACS A ORDURES BLANC POUR LA CUISINE 20x22 16x36/CS GAUGE 0.6MIL UPC Pack: 059212504691 UPC Case: 059212504684,CASE,1.15,41.40
GR,KODIAK REGULAR GARBAGE BAGS 26 x 36 BLACK 10/PK x 20/CS GAUGE 0.8MIL KODIAK SACS A ORDURES NOIR 26 x 36 10/PQT x 20/CS GAUGE 0.8MIL UPC Pack: 059212505377 UPC Case: 059212505384,CASE,1.32,26.40
GL4,"KODIAK LAWN & LEAF GARBAGE BAGS ORANGE 30"" x 48"" 4x36/CS GAUGE 0.9MIL KODIAK SACS A ORDURES DE JARDIN ORANGE 30"" x 48"" 4x36/CS GAUGE 0.9MIL UPC Pack: 059212505025 UPC Case: 059212505032",CASE,1.25,45.00
GLC4,"KODIAK LAWN & LEAF GARBAGE BAGS 30"" x 48"" CLEAR 4x36/CS GAUGE 0.9MIL KODIAK SACS A ORDURES DE JARDIN CLAIR 30"" x 48"" 4x36/CS GAUGE 0.9MIL UPC Pack: 059212505049 UPC Case: 059212505056",CASE,1.28,46.08
GRB,KODIAK REGULAR GARBAGE BAGS 26 x 36 BLACK 40/BOX X 10/CS GAUGE 0.8MIL KODIAK SAC A ORDURES NOIR 26 x 36 REGULIER 40/BTE x 10/CS GAUGE 0.8MIL UPC Pack: 059212506824 UPC Case: 059212506831,CASE,5.08,50.80
GGB,KODIAK HEAVY DUTY GARBAGE BAGS 30x38 BLACK 30/BOX X 10/CS KODIAK SACS A ORDURES NOIR ULTRA RESISTANT 30X38 30/BTE x 10/CS UPC Pack: 059212507005 UPC Case: 059212507005,CASE,5.19,51.90
GKR,KODIAK SCENTED KITCHEN BAGS (3 SCENTS) 25/ROLL 48/CS KODIAK SACS A ORDURE PARFUMES CUISINE (3PARF) 25/RL 48/CS UPC Pack: 059212504769 UPC Case: 059212504776,CASE,0.83,39.84
GKKD,KODIAK SHRINK SCENTED GARB BAGS 4 SCENTS 505X495MM 10/RLx48/CS KODIAK SACS A ORDURES PARFUMES (4 PARFUMS) 505X495MM 10/RL x 48/CS UPC Pack: 059212002456 UPC Case: 059212002463,CASE,0.86,41.28
GKTD,KODIAK DRAWSTRING KITCHEN BAG 610MM X 680MM 20/ROLL x 24/CS KODIAK SACS A ORDURES DE CUISINE A/CORDON 610 X 680MM 20/RL x 24/CS UPC Pack: 059212002494 UPC Case: 059212002500,CASE,2.04,48.96
GRBD,KODIAK REG BLACK DRAWSTRING GARB BAG 760x840MM 12/ROLL x 24/CS KODIAK SACS A ORDURES NOIR A/CORDON 760 X 840MM 12/RL x 24/CS UPC Pack: 059212002517 UPC Case: 059212002524,CASE,2.25,54.00
GRC8,iECO COMPOSTABLE BIN LINERS 6/BOX x 24/CS GRANDS SACS COMPOSTABLES iECO 6/BOITE x 24/CS UPC Pack: 059212310438 UPC Case: 059212310445,CASE,2.34,56.16
VPBR01L,TITAN CLEAR POUND BAG 1LB 100/PK x 24/CS TITAN SAC A LIVRE CLAIR 1LB 100/PK x 24/CS UPC Pack: 059212324824 UPC Case: 059212324831,CASE,0.70,16.82
VPBR02L,TITAN CLEAR POUND BAG 2LB 100/PK x 24/CS TITAN SAC A LIVRE CLAIR 2LB 100/PK x 24/CS UPC Pack: 059212324848 UPC Case: 059212324855,CASE,0.91,21.93
VPBR03L,TITAN CLEAR POUND BAG 3LB 100/PK x 24/CS TITAN SAC A LIVRE CLAIR 3LB 100/PK x 24/CS UPC Pack: 059212324862 UPC Case: 059212324879,CASE,1.17,28.04
VPBR05L,TITAN CLEAR POUND BAG 5LB 100/PK x 24/CS TITAN SAC A LIVRE CLAIR 5LB 100/PK x 24/CS UPC Pack: 059212324886 UPC Case: 059212324893,CASE,1.46,35.07
VPBR06L,TITAN CLEAR POUND BAG 6LB 100/PK x 24/CS TITAN SAC A LIVRE CLAIR 6LB 100/PK x 24/CS UPC Pack: 059212324909 UPC Case: 059212324916,CASE,1.56,37.51
VPBR08L,TITAN CLEAR POUND BAG 8LB 100/PK x 12/CS TITAN SAC A LIVRE CLAIR 8LB 100/PK x 12/CS UPC Pack: 059212324923 UPC Case: 059212324930,CASE,2.35,28.25
VPBR10L,TITAN CLEAR POUND BAG 10LB 100/PK x 12/CS TITAN SAC A LIVRE CLAIR 10LB 100/PK x 12/CS UPC Pack: 059212324947 UPC Case: 059212324954,CASE,2.90,34.85
VPBR11L,TITAN CLEAR POUND BAG 11LB 100/PK x 12/CS TITAN SAC A LIVRE CLAIR 11LB 100/PK x 12/CS UPC Pack: 059212324961 UPC Case: 059212324978,CASE,2.95,35.44
VPBR12L,TITAN CLEAR POUND BAG 12LB 100/PK x 12/CS TITAN SAC A LIVRE CLAIR 12LB 100/PK x 12/CS UPC Pack: 059212324985 UPC Case: 059212324992,CASE,3.38,40.60
VPBR15L,TITAN CLEAR POUND BAG 15LB 100/PK x 6/CS TITAN SAC A LIVRE CLAIR 15LB 100/PK x 6/CS UPC Pack: 059212325005 UPC Case: 059212325012,CASE,5.07,30.40
MTP150,IECO POOP-N-SCOOP BAGS 150/BOX x 24/CS(1012884/2012884) IECO SACS POOP-N-SCOOP 150/BOITE x 24/CS UPC Pack: 059212509498 UPC Case: 059212509504,CASE,1.76,42.27
MTPD1,TANGO POOP-N-SCOOP DISPENSER & 30 BAGS 24/CS TANGO DISTRIBUTEUR & 30 SACS POOP-N-SCOOP 24/CS UPC Pack: 059212930728 UPC Case: 059212930735,CASE,0.90,21.60
MTPD2,TANGO POOP-N-SCOOP DISTRIBUTOR & 30 BAGS 24/CS TANGO DISTRIBUTEUR & 30 SACS POOP-N-SCOOP 24/CS UPC Pack: 059212930742 UPC Case: 059212930759,CASE,0.95,22.80
MTPR90,TANGO POOP-N-SCOOP DISPEN REFILL 90 BAGS 24/CS TANGO RECHARGES POUR DIST 90 SACS POOP-N-SCOOP 24/CS UPC Pack: 059212930766 UPC Case: 059212930773,CASE,1.44,34.56
MTP66,iECO POOP-N-SCOOP BAGS 60/BX x 24/CS IECO SACS BIODEGRADABLES POOP-N-SCOOP 60/BX x 24/CASE UPC Pack: 059212509429 UPC Case: 059212509412,CASE,0.89,21.36
MTPP4,TANGO EXTRA LARGE TRAINING PADS - 4/BAGS - 32BAGS/CASE COUSSINETS D'ENTRAINEMENT TRES GRANDS 4/SAC X 32/CS UPC Pack: 059212509535 UPC Case: 059212509542,CASE,1.48,47.36
MTPP6,TANGO LARGE TRAINING PADS - 6/BAGS - 36BAGS/CASE (1012883/2012883) COUSSINETS D'ENTRAINEMENT GRAND 6/SAC X 36/CS UPC Pack: 059212509511 UPC Case: 059212509528,CASE,1.48,53.28
MB24C,24OZ CLEAR WIDE MOUTH SQUEEZE BOTTLES WITH LID 1/PK x 24/CS 24OZ BOUTEILLES DE CONDIMENTS CLAIRES AVEC COUVERCLE 1/PK x 24/CS UPC Pack: 059212990852 UPC Case: 059212990869,CASE,1.56,37.44
MB08C,8OZ CLEAR SQUEEZE BOTTLE WITH LID 1/PK X 36/CS 8OZ BOUTEILLES COMPRESSIBLE CLAIRES AVEC COUVERCLE 1/PK X 36/CS UPC Pack: 059212990616 UPC Case: 059212990623,CASE,0.73,26.28
MB12C,12OZ CLEAR SQUEEZE BOTTLE WITH LID 1/PK X 36/CS 12OZ BOUTEILLES COMPRESSIBLE CLAIRES AVEC COUVERCLE 1/PK X 36/CS UPC Pack: 059212990654 UPC Case: 059212990661,CASE,1.04,37.44
MB12C6,12OZ CLEAR SQUEEZE BOTTLE WITH LID 6/PK X 12/CS 12OZ BOUTEILLES COMPRESSIBLE CLAIRES AVEC COUVERCLE 6/PK X 12/CS UPC Pack: 059212990630 UPC Case: 059212990647,EACH,5.76,69.12
MB12Y,12OZ YELLOW SQUEEZE BOTTLE WITH LID 1/PK X 36/CS 12OZ BOUTEILLES COMPRESSIBLE JAUNE AVEC COUVERCLE 1/PK X 36/CS UPC Pack: 059212990692 UPC Case: 059212990708,CASE,0.93,33.48
MB16C,16OZ CLEAR WIDE MOUTH SQUEEZE BOTTLES WITH LID 1/PK X 24/CS 16OZ BOUTEILLES COMPRESSIBLES CLAIRES AVEC COUVERCLE 1/PK X 24/CS UPC Pack: 059212990739 UPC Case: 059212990746,CASE,1.32,31.68
MB16C6,16OZ CL. WIDE MOUTH SQUEEZE BOTTLES/CAP 6/PK X 6/CS (1085800) 16OZ BOUTEILLES COMPRESSIBLE CLAIRES AVEC COUVERCLE 6/PK X 6/CS (1085800) UPC Pack: 059212990715 UPC Case: 059212990722,EACH,6.19,37.14
MB24C6,24OZ CLEAR WIDE MOUTH SQUEEZE BOTTLES WITH LID 6/PK x 6/CS (1085953) 24OZ BOUTEILLES COMPRESSIBLE CLAIRES AVEC COUVERCLE 6/PK X 6/CS (1085953) UPC Pack: 059212990838 UPC Case:,EACH,7.44,44.64
MB32C,32OZ CLEAR WIDE MOUTH SQUEEZE BOTTLES WITH LID 1/PK x 24/CS 32OZ BOUTEILLES COMPRESSIBLE CLAIRES AVEC COUVERCLE 1/PK x 24/CS UPC Pack: 059212990890 UPC Case: 059212990906,CASE,1.95,46.80
MB32C6,32OZ CL. WIDE MOUTH SQUEEZE BOTTLES W/CAP 6/PK x 6/CS 32OZ BOUTEILLES COMPRESSIBLE CLAIRES AVEC COUVERCLE 6/Pk X 6/CS UPC Pack: 059212990876 UPC Case: 059212990883,EACH,10.98,65.88
FES3,KODIAK 500ML TRIGGER SPRAYER 36/CS KODIAK 500ML BOUTEILLES AVEC VAPORISATEUR 36/CA UPC Pack: 059212993372 UPC Case: 059212993389,CASE,1.25,45.00
FES6W,KODIAK 32OZ WIDE MOUTH TRIGGER SPRAY BOTTLE 6/PK (6/CS) (1133775) (423997) KODIAK GRAND COU BOUTEILLES 32OZ AVEC VAPORISATEUR 6/PQ x 6/CS (1133775) UPC Pack: 059212993358 UPC Case: 059212993365,EACH,12.80,76.80
MZYN1,N.F.S PAPER $1.00 COIN ROLLERS 36/PK X 20/CS N.F.S. ROULEAUX EN PAPIER A MONNAIE $1.00 36/PK X 20/CS UPC Pack: 724044010459 UPC Case: 059212318502,CASE,0.97,19.40
MZYN10,N.F.S PAPER $0.10 COIN ROLLERS 36/PK X 25/CS N.F.S. ROULEAUX EN PAPIER A MONNAIE $0.10 36/PK X 25/CS UPC Pack: 724044010435 UPC Case: 059212318519,CASE,0.97,24.25
MZYN2,N.F.S PAPER $2.00 COIN ROLLERS 36/PK X 20/CS N.F.S. ROULEAUX EN PAPIER A MONNAIE $2.00 36/PK X 20/CS UPC Pack: 724044010466 UPC Case: 059212318533,CASE,0.97,19.40
MZYN25,N.F.S PAPER $0.25 COIN ROLLERS 36/PK X 20/CS N.F.S. ROULEAUX EN PAPIER A MONNAIE $0.25 36/PK X 20/CS UPC Pack: 724044010541 UPC Case: 059212318526,CASE,0.97,19.40
MZYN5,N.F.S PAPER $0.05 COIN ROLLERS 36/PK X 25/CS N.F.S. ROULEAUX EN PAPIER A MONNAIE $0.05 36/PK X 25/CS UPC Pack: 724044010428 UPC Case: 059212318540,CASE,0.97,24.25
MZYNA,N.F.S PAPER ASSORTED COIN ROLLERS 36/PK X 20/CS N.F.S. ROULEAUX EN PAPIER A MONNAIE ASSORTIS 36/PK X 20/CS UPC Pack: 724044104028 UPC Case: 059212318557,CASE,0.97,19.40
VSEROLL,TITAN DOUBLE SIDED ADHESIVE TAPE 2/PK x 24/CS TITAN RUBAN ADHESIF DOUBLE FACE 2 ROULEAUX/24 CASE UPC Pack: 059212959200 UPC Case: 059212959217,CASE,0.71,17.04
VSELINT,TITAN LINT REMOVER AND REFILL 43 SHEETS 24/CS TITAN ROULEAU ENLEVE CHARPIE ET RECHANGE 43 FEUILLES / 24 CASE UPC Pack: 059212959248 UPC Case: 059212959255,CASE,1.14,27.36
KGST8,TITAN GLUE STICKS 8G X 4PK / 24CS TITAN BATONS DE COLLE 8G X 4PQT / 24CS UPC Pack: 059212959521 UPC Case: 059212959545,CASE,0.76,18.24
KGST21,TITAN PREMIUM GLUE STICK 21G 24/CS TITAN BATON DE COLLE DE QUALITE SUPERIEURE 21G 24/CS UPC Pack: 059212959552 UPC Case: 059212959576,CASE,0.83,19.92
KGSUP3,TITAN GEL SUPER GLUE 3G 24/CS x 6/MC TITAN SUPER COLLE EN GEL 3G / 24CS UPC Pack: 059212959729 UPC Case: 059212959743,CASE,0.72,17.28
KGSUPP3,TITAN SUPER GLUE PEN 3G 24/CS TITAN CRAYON SUPER DE COLLE 3G 24/CS UPC Pack: 059212985742 UPC Case: 059212985759,CASE,0.85,20.40
KGSUP1,TITAN SUPER GLUE 1G 4/PK x 24/CS x 6/MC TITAN SUPER COLLE 1G 4/PK x 24/CS x 6/MC UPC Pack: 059212959682 UPC Case: 059212959705,CASE,0.68,16.32
KGSCH100,TITAN SCHOOL GLUE 100ML 24/CS TITAN COLLE D'ECOLE 100ML 24/CS UPC Pack: 059212959439 UPC Case: 059212959453,CASE,0.98,23.52
KGCAR100,TITAN CARPENTER'S GLUE 100ML 12/CS TITAN COLLE DE MENUISIER 100ML 12/CS UPC Pack: 059212959590 UPC Case: 059212959613,CASE,0.98,11.76
KGCON30,TITAN CONTACT CEMENT 30ML 12/CS x 6/MC TITAN COLLE CONTACT 30ML 12/CS UPC Pack: 059212959767 UPC Case: 059212959781,CASE,0.78,9.36
KGMP30,TITAN TRANSPARENT MULTI-PURPOSE GLUE 30ML 12/CS TITAN COLLE TRANSPARENT UNIVERSELLE 30ML 12/CS UPC Pack: 059212959804 UPC Case: 059212959828,CASE,0.85,10.20
KGEPX3,TITAN QUICK SETTING EPOXY GLUE 3ML (NET 6ML) 12CS TITAN COLLE EPOXY A SECHAGE RAPIDE 3ML (NET 6ML) 12CS UPC Pack: 059212959842 UPC Case: 059212959866,CASE,0.96,11.52
KGEPX4,TITAN MINI SELF-MIXING EPOXY 4G - 24/CS x 6/MC TITAN MINI TUBE DE COLLE EPOXY AUTO-MELANGEANTE 24/CS UPC Pack: 059212985728 UPC Case: 059212985735,CASE,0.77,18.48
VZDISPLAY,TITAN STATIONARY TAPE DISPLAY 240/CS ASSORTED TITAN PRESENTOIR DE RUBANS ADHESIFS 240/CS ASSORTIS UPC Pack: 059212959132 UPC Case:,CASE,0.95,227.69
VZG18D,TITAN TRANSPARENT TAPE IN DISPENSER 18mm x 33m 24/CS(1029892) TITAN RUBAN ADHESIF TRANS.18mm x 33m AVEC DISTRIBUTEUR 24/CS UPC Pack: 059212959316 UPC Case: 059212957725,CASE,0.62,14.88
VZI1820,TITAN INVISIBLE TAPE IN DISPENSER 18mm x 20m 24/CS (1029890) TITAN RUBAN INVISIBLE 18mm x 20m AVEC DISTRIBUTEUR 24/CS UPC Pack: 059212942202 UPC Case: 059212942301,CASE,0.60,14.40
VZU1820,TITAN ULTRA CLEAR TAPE IN DISPENSER 18mm X 20m 24/C (1029891) TITAN RUBAN ADHESIF ULTRA CLAIR 18mmX20m AVEC DISTRIBUTEUR 24/CS UPC Pack: 059212958821 UPC Case: 059212942608,CASE,0.89,21.36
VF12B,TITAN BLACK CABLE TIES 4.8MM X 300MM 500/PK TITAN ATTACHES POUR CABLE 4.8MM X 300MM 500/PK UPC Pack: 059212993716 UPC Case: 059212993723,EACH,11.09,55.45
VF13B,PRECISION ACOUSTICS BLACK CABLE TIES 350MM 25/PK x 24/CS PRECISION ACOUSTICS ATTACHES POUR CABLE NOIR 350MM 25/PQT x 24/CS UPC Pack: 059212918573 UPC Case: 059212918696,CASE,1.03,24.72
VF13W,PRECISION ACOUSTICS WHITE CABLE TIES 350MM 25/PK x 24/CS PRECISION ACOUSTICS ATTACHES POUR CABLES BLANC 350MM 25/PQT x 24/CS UPC Pack: 059212918566 UPC Case: 059212918689,CASE,0.99,23.76
VF4B,PRECISION ACOUSTICS BLACK CABLE TIES 100MM 100/PQT x 24/CS PRECISION ACOUSTICS ATTACHES POUR CABLES NOIR 100MM 100/PQT x 24/CS UPC Pack: 059212918511 UPC Case: 059212918634,CASE,0.49,11.76
VF4W,PRECISION ACOUSTICS WHITE CABLE TIES 100MM 100/PK x 24/CS PRECISION ACOUSTICS ATTACHES POUR CABLES BLANC 100MM 100/PQT x 24/CS UPC Pack: 059212918504 UPC Case: 059212918627,CASE,0.49,11.76
VF6B,PRECISION ACOUSTICS BLACK CABLE TIES 150MM 75/PK x 24/CS PRECISION ACOUSTICS ATTACHES POUR CABLES NOIR 150MM 75/PQT x 24/CS UPC Pack: 059212918535 UPC Case: 059212918658,CASE,0.86,20.64
VF6W,PRECISION ACOUSTICS WHITE CABLE TIES 150MM 75/PK x 24/CS PRECISION ACOUSTICS ATTACHES POUR CABLES BLANC 150MM 75/PQT x 24/CS UPC Pack: 059212918528 UPC Case: 059212918641,CASE,0.86,20.64
VF8B,PRECISION ACOUSTICS BLACK CABLE TIES 200MM 50/PK x 24/CS PRECISION ACOUSTICS ATTACHES POUR CABLES NOIR 200MM 50/PK x 24/CS UPC Pack: 059212918559 UPC Case: 059212918672,CASE,1.00,24.00
VF8W,PRECISION ACOUSTICS WHITE CABLE TIES 200MM 50/PK x 24/CS PRECISION ACOUSTICS ATTACHES POUR CABLES BLANC 200MM 50/PQT x 24/CS UPC Pack: 059212918542 UPC Case: 059212918665,CASE,1.00,24.00
VFC,PRECISION ACOUSTICS CABLE TIES COMBO PACK 50/PK x 24/CS PRECISION ACOUSTICS ATTACHES POUR CABLES COMBO 50/PQT x 24/CS UPC Pack: 059212918740 UPC Case: 059212918757,CASE,0.82,19.68
VMP1850,TITAN PAINTERS MASKING TAPE 18mm X 50m 48/CS TITAN RUBAN VERT POUR PEINTRES 18mm X 50m 48/CS UPC Pack: 059212950832 UPC Case: 059212950887,CASE,0.88,42.24
VMP2440,TITAN PAINTERS MASKING TAPE 24mm X 40M 36/CS TITAN RUBAN VERT POUR PEINTRES 24mm X 40M 36/CS UPC Pack: 059212950900 UPC Case: 059212950917,CASE,0.98,35.28
VMP3625,TITAN PAINTERS MASKING TAPE 36MM X 25M 24/CS TITAN RUBAN VERT POUR PEINTRES 36mm X 25m 24/CS UPC Pack: 059212950849 UPC Case: 059212950894,CASE,0.96,23.04
VAT2B,ALUMINIUM TAPE 48mm x 5m 1/PK x 24/CS RUBAN EN ALUMINIUM 48mm x 5m 1/PQT x 24/CS UPC Pack: 059212960305 UPC Case: 059212960350,CASE,0.71,17.04
VAT2,ALUMINIUM TAPE 48mm x 50m 1/PK x 12/CS RUBAN EN ALUMINIUM 48mm x 50m 1/PQT x 12/CS UPC Pack: 059212960381 UPC Case: 059212960367,CASE,4.61,55.32
VM1850A,TITAN MASKING TAPE 18mm X 50m 48/CS TITAN RUBAN A MASQUER 18mm X 50m 48/CS UPC Pack: 059212950924 UPC Case: 059212950931,CASE,0.73,35.04
VM2440A,TITAN MASKING TAPE 24mm X 40m 48/CS TITAN RUBAN A MASQUER 24mm X 40m 48/CS UPC Pack: 059212950948 UPC Case: 059212950955,CASE,0.79,37.92
VM3625A,TITAN MASKING TAPE 36mm x 25m 1/PK x 48/CS TITAN RUBAN A MASKER 36MM X 25M 1/PQT x 48/CS UPC Pack: 059212950962 UPC Case: 059212950979,CASE,0.77,36.96
VM4820A,TITAN MASKING TAPE 48mm X 20m 36/CS TITAN RUBAN A MASQUER 48mm X 20m 36/CS UPC Pack: 059212950986 UPC Case: 059212950993,CASE,0.85,30.60
VD2105,TITAN PREMIUM SILVER DUCT TAPE 48mm x 7m 24/CS TITAN RUBAN A CONDUIT SUPERIEUR ARGENT 48mm x 7m 24/CS UPC Pack: 059212915077 UPC Case: 059212915237,CASE,1.16,27.84
VD2101C,TITAN PREMIUM BLACK DUCT TAPE 48mm x 7m 24/CS TITAN RUBAN A CONDUIT NOIR 48mm x 7m 24/CS UPC Pack: 059212915039 UPC Case: 059212915244,CASE,1.16,27.84
VD2102C,TITAN PREMIUM RED DUCT TAPE 48mm x 7m 24/CS TITAN RUBAN A CONDUIT ROUGE 48mm x 7m 24/CS UPC Pack: 059212915046 UPC Case: 059212915251,CASE,1.16,27.84
VD2103C,TITAN PREMIUM YELLOW DUCT TAPE 48mm x 7m 24/CS TITAN RUBAN A CONDUIT JAUNE 48mm x 7m 24/CS UPC Pack: 059212915053 UPC Case: 059212915268,CASE,1.16,27.84
VD2104C,TITAN PREMIUM BLUE DUCT TAPE 48mm x 7m 24/CS TITAN RUBAN A CONDUIT BLEU 48mm x 7m 24/CS UPC Pack: 059212915060 UPC Case: 059212915275,CASE,1.16,27.84
VD2107C,TITAN PREMIUM WHITE DUCT TAPE 48mm x 7m 24/CS TITAN RUBAN A CONDUIT BLANC 48mm x 7m 24/CS UPC Pack: 059212915091 UPC Case: 059212915299,CASE,1.16,27.84
VD2255,TITAN PREMIUM SILVER DUCT TAPE 48mm x 20m 15/CS TITAN RUBAN A CONDUIT ARGENT 48mm x 20m 15/CS UPC Pack: 059212915220 UPC Case: 059212915190,CASE,2.62,39.30
VD2695,TITAN PREMIUM SILVER DUCT TAPE 48mm x 50m 12/CS TITAN RUBAN A CONDUIT ARGENT 48mm x 50m 12/CS UPC Pack: 059212915213 UPC Case: 059212915183,CASE,5.90,70.80
VSC4810A,TITAN CLEAR TAPE 48mm x 100m 36/CS TITAN RUBAN ADHESIVE CLAIRE 48mm x 100m 36/CS UPC Pack: 059212989696 UPC Case: 059212952676,CASE,1.04,37.44
VSC4851B,TITAN CLEAR TAPE IND. WRAPPED 48mmx50m 36/CS TITAN RUBAN POLYPROPYLENE CLAIR EMB.IND. 48mm x 50m 36/CS UPC Pack: 059212912663 UPC Case: 059212912700,CASE,0.68,24.48
VST4851B,TITAN TAN TAPE INDIVIDUALLY WRAPPED 48mm x 50m 36/CS 45 MICRONS TITAN RUBAN POLYPROPYLENE HAVANE EMB. IND. 48mm x 50m 36/CS UPC Pack: 059212912908 UPC Case: 059212912922,CASE,0.70,25.20
VSP4840C,CAUTION TAPE 48mm X 40M 36/CS RUBAN ADHESIVE ATTENTION 48mm X 40M 36/CS UPC Pack: 059212800830 UPC Case: 059212800847,CASE,0.88,31.68
VSP4840F,FRAGILE TAPE 48mm X 40M 36/CS RUBAN ADHESIVE FRAGIL 48mm X 40M 36/CS UPC Pack: 059212800854 UPC Case: 059212800861,CASE,0.88,31.68
VE1966,TITAN BLACK P.V.C. ELECTRIC TAPE 18mm x 20m 12/CASE (1234445) TITAN RUBAN ELECTRIQUE NOIR EN PVC 18mm X 20m 12/CS (1234445) UPC Pack: 059212981010 UPC Case: 059212981249,CASE,0.59,7.08
VE18662,TITAN RED P.V.C. ELECTRICAL TAPE 18mm x 20m 12/CS TITAN RUBAN ELECTRIQUE ROUGE EN PVC 18mm X 20m 12/CS UPC Pack: 059212981027 UPC Case: 059212981140,CASE,0.59,7.08
VE18664,TITAN BLUE P.V.C. ELECTRICAL TAPE 18mm x 20m 12/CASE TITAN RUBAN ELECTRIQUE BLEU EN PVC 18mm x 20m 12/CS UPC Pack: 059212981041 UPC Case: 059212981188,CASE,0.59,7.08
VE18667,TITAN WHITE P.V.C. ELECTRICAL TAPE 18mm x 20m 12/CASE (1372195) TITAN RUBAN ELECTRIQUE BLANC EN PVC 18mm x 20m 12/CS (1372195) UPC Pack: 059212981072 UPC Case: 059212981225,CASE,0.59,7.08
PLFS610TW,LUMINUS SMART FILAMENT B11 CCT 1/PK 4/CS LUMINUS DEL INTELLIGENT FILAMENT B11 1/PK 4/CS UPC Pack: 059212892088 UPC Case: 059212892095,EACH,9.50,38.00
PLYS120TW,LUMINUS SMART A19 CCT 1/PK 4/CS LUMINUS DEL INTELLIGENT A19 1/PK 4/CS UPC Pack: 059212892002 UPC Case: 059212892019,EACH,6.99,27.96
PLYS230TW,LUMINUS SMART GU10 CCT 1/PK 4/CS LUMINUS DEL INTELLIGENTE GU10 1/PK 4/CS UPC Pack: 059212892040 UPC Case: 059212892057,EACH,7.36,29.44
PLYS320TW,LUMINUS SMART PAR20 CCT 1/PK 4/CS LUMINUS DEL INTELLIGENTE PAR20 1/PK 4/CS UPC Pack: 059212892026 UPC Case: 059212892033,EACH,8.01,32.04
PLYS510TW,LUMINUS SMART BR30 CCT 1/PK 4/CS LUMINUS DEL INTELLIGENTE BR30 1/PK 4/CS UPC Pack: 059212892064 UPC Case: 059212892071,EACH,9.38,37.52
PLYB1002,LUMINUS LED BASIX 6W A19 2700K1/BLISTER X 12/CASE LUMINUS DEL BASIX 6W A19 2700K1/BLISTER X 12/CASE UPC Pack: 059212880252 UPC Case: 059212880269,EACH,1.18,14.16
PLYB1022,LUMINUS BASIX A15 2700K 2/BOX X 12/CASE LUMINUS BASIX A15 2700K 2/BOITE X 12/CASE UPC Pack: 059212890480 UPC Case: 059212890497,EACH,2.51,30.12
PLYB1052,LUMINUS BASIX A15 5000K 2/BOX X 12/CASE LUMINUS BASIX A15 5000K 2/BOITE X 12/CASE UPC Pack: 059212890503 UPC Case: 059212890510,EACH,2.51,30.12
PLYB1005,LUMINUS LED BASIX 6W A19 5000K1/BLISTER X 12/CASE LUMINUS DEL BASIX 6W A19 5000K1/BLISTER X 12/CASE UPC Pack: 059212880276 UPC Case: 059212880283,EACH,1.18,14.16
PLYB102,LUMINUS LED BASIX A15 2700K 1/BLISTER X 12/CASE LUMINUS DEL BASIX A15 2700K 1/BLISTER X 12/CASE UPC Pack: 059212878730 UPC Case: 059212878747,EACH,1.40,16.80
PLYB102F,LUMINUS BASIX A15 FILAMENT CLEAR 2700K 1/BLISTER X 12/CASE LUMINUS BASIX A15 FILAMENT CLEAR 2700K 1/BLISTER X 12/CASE UPC Pack: 059212890527 UPC Case: 059212890534,EACH,1.76,21.12
PLYB105,LUMINUS LED BASIX A15 5000K 1/BLISTER X 12/CASE LUMINUS DEL BASIX A15 5000K 1/BLISTER X 12/CASE UPC Pack: 059212878778 UPC Case: 059212878785,EACH,1.40,16.80
PLYB105F,LUMINUS BASIX A15 FILAMENT CLEAR 5000K 1/BLISTER X 12/CASE LUMINUS BASIX A15 FILAMENT CLEAR 5000K 1/BLISTER X 12/CASE UPC Pack: 059212890541 UPC Case: 059212890558,EACH,1.76,21.12
PLYB1302,LUMINUS LED BASIX 9W A19 2700K1/BLISTER X 12/CASE LUMINUS DEL BASIX 9W A19 2700K1/BLISTER X 12/CASE UPC Pack: 059212880290 UPC Case: 059212880306,EACH,1.51,18.12
PLYB1302F,LUMINUS LED BASIX FILAMENT 9W A19 2700K1/BLISTER X 12/CASE LUMINUS DEL BASIX FILAMENT 9W A19 2700K1/BLISTER X 12/CASE UPC Pack: 059212892231 UPC Case: 059212892248,EACH,2.11,25.32
PLYB1305,LUMINUS LED BASIX 9W A19 5000K1/BLISTER X 12/CASE LUMINUS DEL BASIX 9W A19 5000K1/BLISTER X 12/CASE UPC Pack: 059212880313 UPC Case: 059212880320,EACH,1.51,18.12
PLYB1305F,LUMINUS LED BASIX FILAMENT 9W A19 5000K1/BLISTER X 12/CASE LUMINUS DEL BASIX FILAMENT 9W A19 5000K1/BLISTER X 12/CASE UPC Pack: 059212892255 UPC Case: 059212892262,EACH,2.11,25.32
PLYB1402,LUMINUS LED BASIX 15W A19 2700K 1/BLISTER X 12/CASE LUMINUS DEL BASIX 15W A19 2700K 1/BLISTER X 12/CASE UPC Pack: 059212889484 UPC Case: 059212889491,EACH,2.23,26.76
PLYB1405,LUMINUS LED BASIX 15W A19 5000K 1/BLISTER X 12/CASE LUMINUS DEL BASIX 15W A19 5000K 1/BLISTER X 12/CASE UPC Pack: 059212889507 UPC Case: 059212889514,EACH,2.23,26.76
PLYB2003,LUMINUS LED BASIX 4.5W GU10 1/BLISTER X 12./CASE LUMINUS DEL BASIX 4.5W GU10 1/BLISTER X 12./CASE UPC Pack: 059212879355 UPC Case: 059212879362,EACH,1.90,22.80
PLYB2005,LUMINUS LED BASIX 4.5W GU10 5K 1/BLISTER X 12/CASE LUMINUS DEL BASIX 4.5W GU10 5K 1/BLISTER X 12/CASE UPC Pack: 059212892293 UPC Case: 059212892309,EACH,1.90,22.80
PLYB20033,LUMINUS BASIX GU10 3000K 3/BOX X 12/CASE LUMINUS BASIX GU10 3000K 3/BOITE X 12/CASE UPC Pack: 059212890664 UPC Case: 059212890671,EACH,5.68,68.16
PLYB2503,LUMINUS LED BASIX 5W MR16 1/BLISTER X 12/CASE LUMINUS DEL BASIX 5W MR16 1/BLISTER X 12/CASE UPC Pack: 059212879478 UPC Case: 059212879485,EACH,2.86,34.32
PLYB3203,LUMINUS LED BASIX 7W PAR20 1/BLISTER X 12/CASE LUMINUS DEL BASIX 7W PAR20 1/BLISTER X 12/CASE UPC Pack: 059212880399 UPC Case: 059212880405,EACH,1.96,23.52
PLYB3205,LUMINUS LED BASIX 7W PAR20 5000K 1/BLISTER X 12/CASE LUMINUS DEL BASIX 7W PAR20 5000K 1/BLISTER X 12/CASE UPC Pack: 059212892279 UPC Case: 059212892286,EACH,1.96,23.52
PLYB32032,LUMINUS BASIX PAR20 3000K 2/BOX X 12/CASE LUMINUS BASIX PAR20 3000K 2/BOITE X 12/CASE UPC Pack: 059212890688 UPC Case: 059212890695,EACH,3.08,36.96
PLYB32036,LUMINUS BASIX PAR20 3000K 6/BOX X 6/CASE LUMINUS BASIX PAR20 3000K 6/BOITE X 6/CASE UPC Pack: 059212890701 UPC Case: 059212890718,EACH,8.70,52.20
PLYB4003,LUMINUS BASIX PAR30 3000K 1/BOX X 12/CASE LUMINUS BASIX PAR30 3000K 1/BOITE X 12/CASE UPC Pack: 059212890725 UPC Case: 059212890732,EACH,3.74,44.88
PLYB5202,LUMINUS LED BASIX 11W BR30 2700K 1/BLISTER X 12/CASE LUMINUS DEL BASIX 11W BR30 2700K 1/BLISTER X 12/CASE UPC Pack: 059212889569 UPC Case: 059212889576,EACH,2.80,33.60
PLYB52022,LUMINUS BASIX BR30 2700K 2/BOX X 6/CASE LUMINUS BASIX BR30 2700K 2/BOITE X 6/CASE UPC Pack: 059212890749 UPC Case: 059212890756,EACH,4.18,25.08
PLYB6112,LUMINUS LED BASIX 4.5W B11 E12 FILAMENT 2700K 1/BLISTER X 12/CASE LUMINUS DEL BASIX 4.5W B11 E12 FILAMENT 2700K 1/BLISTER X 12/CASE UPC Pack: 059212889521 UPC Case: 059212889538,EACH,1.78,21.36
PLYB6112M,LUMINUS LED BASIX 4.5W B11 E26 FILAMENT 2700K 1/BLISTER X 12/CASE LUMINUS DEL BASIX 4.5W B11 E26 FILAMENT 2700K 1/BLISTER X 12/CASE UPC Pack: 059212889545 UPC Case: 059212889552,EACH,1.78,21.36
PLYC102,LUMINUS LED A15 2700K 1/PK x 12/CASE LUMINUS DEL A15 2700K 1/PK x 12/CASE UPC Pack: 059212878754 UPC Case: 059212878761,EACH,1.54,18.48
PLYC10422A,LUMINUS LED 6W 2700K A19 ND 2/PK X 12/CS LUMINUS LDEL 6W 2700K A19 ND 2/PK X 12/CS UPC Pack: 059212876484 UPC Case: 059212876491,EACH,1.97,23.64
PLYC10452A,LUMINUS LED 6W 5000K A19 ND 2/PK X 12/CS LUMINUS DEL 6W 5000K A19 ND 2/PK X 12/CS UPC Pack: 059212876606 UPC Case: 059212876613,EACH,1.97,23.64
PLYC105,LUMINUS LED A15 5000K 1/PK x 12/CASE LUMINUS DEL A15 5000K 1/PK x 12/CASE UPC Pack: 059212878792 UPC Case: 059212878808,EACH,1.54,18.48
PBL123,LUMINUS LED A19 9W/60W 3000K 1/PK X 24/CS LUMINUS LED A19 9W/60W 3000K 1/PQ X 24/CS UPC Pack: 059212895454 UPC Case: 059212895461,EACH,0.35,8.40
PLYC1172,LUMINUS LED OMNI 6W A19 2700K 1/PK x 6/CASE LUMINUS DEL 6W A19 2700K 1/PQ x 6/CS UPC Pack: 059212888388 UPC Case: 059212888395,EACH,1.62,9.72
PLYC1175,LUMINUS LEDOMNI 6W A19 5000K 1/PK x 6/CASE LUMINUS DEL 6W A19 5000K 1/PQ x 6/CS UPC Pack: 059212888401 UPC Case: 059212888418,EACH,1.62,9.72
PLYC13522A,LUMINUS LED 9W 2700K A19 ND 2/PK X 12/CS LUMINUS DEL 9W 2700K A19 ND 2/PK X 12/CS UPC Pack: 059212876729 UPC Case: 059212876736,EACH,2.13,25.56
PLYC135224A,LUMINUS LED BASIX A19 60W 2700K 24/PACK LUMINUS DEL BASIX A19 REGULIER 60W 2700K 24/BOX X 12/CS UPC Pack: 059212890589 UPC Case: 059212890596,EACH,22.77,22.77
PLYC135524A,LUMINUS LED BASIX A19 60W 5000K 24/PACK LUMINUS LED BASIX A19 REGULAR 60W 5000K 24/BOX X 12/CS UPC Pack: 059212890602 UPC Case: 059212890619,EACH,22.77,22.77
PLYC13524A,LUMINUS LED 9W 2700K A19 ND 4/PK X 6/CS LUMINUS DEL 9W 2700K A19 ND 4/PK X 6/CS UPC Pack: 059212876767 UPC Case: 059212876774,EACH,4.21,25.26
PLYC13526A,LUMINUS LED 9W 2700K A19 ND 6/PK X 6/CS LUMINUS DEL 9W 2700K A19 ND 6/PK X 6/CS UPC Pack: 059212876804 UPC Case: 059212876811,EACH,6.29,37.74
PLYC1352A,LUMINUS LED 9W 2700K A19 ND 1/PK X 12/CS LUMINUS DEL 9W 2700K A19 ND 1/PK X 12/CS UPC Pack: 059212876682 UPC Case: 059212876699,EACH,1.18,14.16
PLYC13552A,LUMINUS LED 9W 5000K A19 ND 2/PK X 12/CS LUMINUS DEL 9W 5000K A19 ND 2/PK X 12/CS UPC Pack: 059212876927 UPC Case: 059212876934,EACH,2.13,25.56
PLYC13554A,LUMINUS LED 9W 5000K A19 ND 4/PK X 6/CS LUMINUS DEL 9W 5000K A19 ND 4/PK X 6/CS UPC Pack: 059212876965 UPC Case: 059212876972,EACH,4.21,25.26
PLYC13556A,LUMINUS LED 9W 5000K A19 ND 6/PK X 6/CS LUMINUS DEL 9W 5000K A19 ND 6/PK X 6/CS UPC Pack: 059212877009 UPC Case: 059212877016,EACH,6.29,37.74
PLYC1355A,LUMINUS LED 9W 5000K A19 ND 1/PK X 12/CS LUMINUS DEL 9W 5000K A19 ND 1/PK X 12/CS UPC Pack: 059212876880 UPC Case: 059212876897,EACH,1.18,14.16
PLYC1806,LUMINUS A21 BATTERY BACKUP 3HRS ND 9W 2700K 1/PK X 6/CS LUMINUS A21 AMPOULE DE SECOURS 3HRS ND 9W 2700K 1/PK X 6/CS UPC Pack: 059212894204 UPC Case: 059212894211,EACH,8.18,49.08
PLYC3243,LUMINUS LED 7W PAR20 3000K 2/PK X 24/TRAY LUMINUS DEL 7W PAR20 3000K 2/PK X 24/TRAY UPC Pack: 059212875869 UPC Case: 059212875876,EACH,2.99,71.76
PLYC5294,LUMINUS G5 LED 8W BR30 ECO 2700K 4/PK X 4/CASE(440234/1012199) LUMINUS G5 DEL 8W BR30 ECO 2700K 4/PK X 4/CS UPC Pack: 059212875104 UPC Case: 059212875111,EACH,7.70,30.80
PLYC5295,LUMINUS LED 8W BR30 5000K 4/PK X 4/CASE LUMINUS DEL 8W BR30 5000K 4/PK X 4/CS UPC Pack: 059212881976 UPC Case: 059212881983,EACH,7.70,30.80
PLYC3296,LUMINUS LED 7W PAR20 3000K 6/PK X 4/CASE(1045087/440281) LUMINUS DEL 7W PAR20 3000K 6/PK X 4/CS(1045087/440281) UPC Pack: 059212875913 UPC Case: 059212875920,EACH,8.96,35.84
PLYC13521A,LUMINUS LED 9W 2700K A19 ND 10/PK X 4/CS (1079491) LUMINUS DEL 9W 2700K A19 ND 10/PK X 4/CS UPC Pack: 059212876842 UPC Case: 059212876859,EACH,10.39,41.56
PLYC13551A,LUMINUS LED 9W 5000K A19 ND 10/PK X 4/CS LUMINUS DEL 9W 5000K A19 ND 10/PK X 4/CS UPC Pack: 059212877047 UPC Case: 059212877054,EACH,10.39,41.56
PLF1142,LUMINUS LED 4.5W A19 FIL 1/BOX X 6/CASE LUMINUS DEL 4.5W A19 FIL 1/BOX X 6/CASE UPC Pack: 059212879812 UPC Case: 059212879829,EACH,2.03,12.18
PLF1222,LUMINUS LED 7.5W A19 FIL 1/BOX X 6/CASE LUMINUS DEL 7.5W A19 FIL 1/BOX X 6/CASE UPC Pack: 059212879959 UPC Case: 059212879966,EACH,2.29,13.74
PLF1522,LUMINUS LED 4.5W G25 FIL 1/BOX X 6/CASE LUMINUS DEL 4.5W G25 FIL 1/BOX X 6/CASE UPC Pack: 059212879997 UPC Case: 059212880009,EACH,2.52,15.12
PLF1522W,LUMINUS LED 4.5W G25 FILAMENT WHITE 2700K 1/PK X 6/CASE LUMINUS DEL 4.5W G25 FILAMENT BLANC 2700K 1/PK X 6/CASE UPC Pack: 059212889187 UPC Case: 059212889194,EACH,2.69,16.14
PLF1542,LUMINUS LED 7.5W G25 FIL 1/BOX X 6/CASE LUMINUS DEL 7.5W G25 FIL 1/BOX X 6/CASE UPC Pack: 059212880016 UPC Case: 059212880023,EACH,3.28,19.68
PLF1602,LUMINUS LED G16 FIL E26 2700K 1/PK X 6/CASE LUMINUS DEL G16 FIL E26 2700K 1/PQ X 6/CS UPC Pack: 059212885363 UPC Case: 059212885370,EACH,2.10,12.60
PLF1612,LUMINUS LED G16 FIL E12 2700K 1/PK X 6/CASE LUMINUS DEL G16 FIL E12 2700K 1/PQ X 6/CS UPC Pack: 059212885387 UPC Case: 059212885394,EACH,2.10,12.60
PLF6112,LUMINUS LED 4W B11 E12 BASE FIL 1/BOX X 6/CASE LUMINUS DEL 4W B11 E12 BASE FIL 1/BOX X 6/CS UPC Pack: 059212880030 UPC Case: 059212880047,EACH,1.91,11.46
PLF6112F,LUMINUS LED 4W B11 E12 BASE FIL FL 1/BOX X 6/CASE LUMINUS DEL 4W B11 E12 BASE FIL FL 1/BOX X 6/CASE UPC Pack: 059212880078 UPC Case: 059212880085,EACH,1.99,11.94
PLF6112M,LUMINUS LED 4W B11 E26 BASE FIL 1/BOX X 6/CASE LUMINUS DEL 4W B11 E26 BASE FIL 1/BOX X 6/CASE UPC Pack: 059212880054 UPC Case: 059212880061,EACH,2.01,12.06
PLF6112MF,LUMINUS LED 4W B11 E26 BASE FIL FL 1/BOX X 6/CASE LUMINUS DEL 4W B11 E26 BASE FIL FL 1/BOX X 6/CASE UPC Pack: 059212880092 UPC Case: 059212880108,EACH,2.10,12.60
PLF6115,LUMINUS LED 4W B11 E12 FILAMENT 5000K 1/PK X 6/CASE LUMINUS DEL 4W B11 E12 FILAMENT 5000K 1/PK X 6/CASE UPC Pack: 059212886766 UPC Case: 059212886773,EACH,1.91,11.46
PLF6502,LUMINUS LED 500LM B11 FIL E12 2700K 1/PK X 6/CASE LUMINUS DEL 500LM B11 FIL E12 2700K 1/PQ X 6/CS UPC Pack: 059212885288 UPC Case: 059212885295,EACH,2.50,15.00
PLF6502F,LUMINUS LED 500LM B11 FIL E12 FL 2700K 1/PK X 6/CASE LUMINUS DEL 500LM B11 FIL E12 FL 2700K 1/PQ X 6/CS UPC Pack: 059212885301 UPC Case: 059212885318,EACH,2.54,15.24
PLF6502M,LUMINUS LED 500LM B11 FIL E26 2700K 1/PK X 6/CASE LUMINUS DEL 500LM B11 FIL E26 2700K 1/PQ X 6/CS UPC Pack: 059212885325 UPC Case: 059212885332,EACH,2.47,14.82
PLF6502MF,LUMINUS LED 500LM B11 FIL E26 FL 2700K 1/PK X 6/CASE LUMINUS DEL 500LM B11 FIL E26 FL 2700K 1/PQ X 6/CS UPC Pack: 059212885349 UPC Case: 059212885356,EACH,2.52,15.12
PLF905,LUMINUS LED S14 5000K 1/PK X 12/CASE LUMINUS DEL S14 5000K 1/PK X 12/CS UPC Pack: 059212883956 UPC Case: 059212883963,EACH,1.24,14.88
PLYC1252,LUMINUS LED 9.5W OMNI A19 2700K DIM 1/BOX X 6/CASE LUMINUS LED 9.5W OMNI A19 2700K DIM 1/BOX X 6/CASE UPC Pack: 059212879034 UPC Case: 059212879041,EACH,1.74,10.44
PLYC12522,LUMINUS LED 9.5W OMNI A19 2700K DIM 2/BOX X 6/CASE LUMINUS LED 8.5W OMNI A19 2700K DIM 2/BOX X 6/CASE UPC Pack: 059212879058 UPC Case: 059212879065,EACH,3.30,19.80
PLYC1255,LUMINUS LED 9.5W OMNI A19 5000K DIM 1/BOX X 6/CASE LUMINUS DEL 8.5W OMNI A19 5000K DIM 1/BOX X 6/CASE UPC Pack: 059212879133 UPC Case: 059212879140,EACH,1.74,10.44
PLYC12552,LUMINUS LED 9.5W OMNI A19 5000K DIM 2/BOX X 6/CASE LUMINUS DEL 8.5W OMNI A19 5000K DIM 2/BOX X 6/CASE UPC Pack: 059212879157 UPC Case: 059212879164,EACH,3.30,19.80
PLYC12653,LUMINUS LED A19 9W 5000K OMNI ND 3/PK X 12/CASE LUMINUS DEL A19 9W NON-DIM OMNI 5000K 3/PAQUET 12/CS UPC Pack: 059212890084 UPC Case: 059212890091,EACH,3.27,39.24
PLYC12623,LUMINUS LED A19 9W 2700K OMNI ND 3/PK X 12/CASE LUMINUS DEL A19 9W NON-DIM OMNI 2700K 3/PAQUET 12/CS UPC Pack: 059212890060 UPC Case: 059212890077,EACH,3.27,39.24
PLYC1422,LUMINUS LED 20W A21 2700K 1/PK X 6/CASE LUMINUS DEL 20W A21 2700K 1/PQ X 6/CS UPC Pack: 059212884304 UPC Case: 059212884311,EACH,7.21,43.26
PLYC1425,LUMINUS LED 20W A21 5000K 1/PK X 6/CASE LUMINUS DEL 20W A21 5000K 1/PQ X 6/CS UPC Pack: 059212884328 UPC Case: 059212884335,EACH,7.21,43.26
PLYC1435,LUMINUS LED 15W A19 5000K 1/PK X 6/CASE LUMINUS LED 15W A19 5000K 1/PK X 6/CASE UPC Pack: 059212887381 UPC Case: 059212887398,EACH,2.01,12.06
PLYC14322,LUMINUS LED 15W A19 2700K 2/PK X 6/CASE (1277607) LUMINUS DEL 15W A19 2700K 2/PQ X 6/CS UPC Pack: 059212887367 UPC Case: 059212888517,EACH,3.90,23.40
PLYC14352,LUMINUS LED 15W A19 5000K 2/PK X 6/CASE (1285832) LUMINUS DEL 15W A19 5000K 2/PQ X 6/CS UPC Pack: 059212887404 UPC Case: 059212888555,EACH,3.90,23.40
PLYC1442,LUMINUS LED 19w 3WAY A21 2700K 1/PK X 6/CS LUMINUS DEL19w A21 3 INTENSITES 2700K 1/PQ X 6/CS UPC Pack: 059212884663 UPC Case: 059212884670,EACH,7.76,46.56
PLYC1903A,LUMINUS LED 3.5W G9 3000K NON-DIM 1/PK X 12/CASE LUMINUS DEL 3.5W G9 3000K 1/PQ X 12/CS UPC Pack: 059212891364 UPC Case: 059212891371,EACH,5.09,61.08
PLYC1993,LUMINUS LED 0.75 W NONDIM C7 CLEAR 2700K 2/BOX X 12/CASE LUMINUS DEL 0.75 W NONREG C7 CLEAR 2700K 2/BOX X 12/CASE UPC Pack: 059212891432 UPC Case: 059212891449,EACH,1.97,23.64
PLYC1993W,LUMINUS LED 0.75 W NONDIM C7 WHITE 2700K 2/BOX X 12/CASE LUMINUS DEL 0.75 W NONREG C7 BLANC 2700K 2/BOX X 12/CASE UPC Pack: 059212891401 UPC Case: 059212891425,EACH,2.03,24.36
PLYC2233,LUMINUS LED 4.5W GU10 3000K 1/PK x 6/CASE LUMINUS DEL GU10 4.5 3000K 1/PQ x 6/CS UPC Pack: 059212885707 UPC Case: 059212885714,EACH,1.90,11.40
PLYC24332,LUMINUS LED 7W GU10 3000K 2/PK x 12/CASE LUMINUS DEL GU10 7W 3000K 2/PQ x 12/CS UPC Pack: 059212885882 UPC Case: 059212885899,EACH,3.30,39.60
PLYC24336,LUMINUS LED 7W GU10 3000K 6/PK x 6/CASE LUMINUS DEL GU10 7W 3000K 6/PQ x 6/CS UPC Pack: 059212885905 UPC Case: 059212885912,EACH,5.23,31.38
PLYC2435,LUMINUS LED 7W GU10 5000K 1/PK x 6/CASE LUMINUS DEL GU10 7W 5000K 1/PQ x 6/CS UPC Pack: 059212885745 UPC Case: 059212885752,EACH,2.00,12.00
PLYC2553,LUMINUS LED 4.5W MR16 3000K 1/PK x 6/CASE LUMINUS DEL MR16 4.5 3000K 1/PQ x 6/CS UPC Pack: 059212885769 UPC Case: 059212885776,EACH,2.80,16.80
PLYC2653,LUMINUS LED 7W MR16 3000K 1/PK x 6/CASE LUMINUS DEL MR16 7W 3000K 1/PQ x 6/CS UPC Pack: 059212885783 UPC Case: 059212885790,EACH,2.89,17.34
PLYC2655,LUMINUS LED 7W MR16 5000K 1/PK x 6/CASE LUMINUS DEL MR16 7W 5000K 1/PQ x 6/CS UPC Pack: 059212885806 UPC Case: 059212885813,EACH,2.89,17.34
PLYC2853,LUMINUS LED 4.5W PAR16 3000K 1/PK x 6/CASE LUMINUS DEL PAR16 4.5 3000K 1/PQ x 6/CS UPC Pack: 059212885820 UPC Case: 059212885837,EACH,1.96,11.76
PLYC2953,LUMINUS LED 7W PAR16 3000K 1/PK x 6/CASE)1220827) LUMINUS DEL PAR16 7W 3000K 1/PQ x 6/CS UPC Pack: 059212885844 UPC Case: 059212885851,EACH,2.16,12.96
PLYC2955,LUMINUS LED 7W PAR16 5000K 1/PK x 6/CASE LUMINUS DEL PAR16 7W 5000K 1/PQ x 6/CS UPC Pack: 059212885868 UPC Case: 059212885875,EACH,2.16,12.96
PLYC1712,LUMINUS LED 11W OMNI A19 2700K DIM 1/BOX X 6/CASE LUMINUS DEL 11W OMNI A19 2700K DIM 1/BOX X 6/CASE UPC Pack: 059212879171 UPC Case: 059212879188,EACH,2.47,14.82
PLYC1715,LUMINUS LED 11W OMNI A19 5000K DIM 1/BOX X 6/CASE LUMINUS DEL 11W OMNI A19 5000K DIM 1/BOX X 6/CASE UPC Pack: 059212879195 UPC Case: 059212879201,EACH,2.47,14.82
PLYC3213,LUMINUS G5 LED 7W PAR20 NFL 3000K 1/PK X 6/CASE(1045069/2003213) LUMINUS G5 DEL 7W PAR20 NFL 3000K 1/PK X 6/CS UPC Pack: 059212874862 UPC Case: 059212874879,EACH,1.98,11.88
PLYC3223,LUMINUS G5 LED 7W PAR20 FL 3000K 1/PK X 6/CASE (1012159) LUMINUS G5 DEL 7W PAR20 FL 3000K 1/PK X 6/CS UPC Pack: 059212874886 UPC Case: 059212874893,EACH,1.98,11.88
PLYC3225,LUMINUS G5 LED 7W PAR20 FL 5000K 1/PK X 6/CASE LUMINUS G5 DEL 7W PAR20 FL 5000K 1/PK X 6/CS UPC Pack: 059212874909 UPC Case: 059212874916,EACH,1.98,11.88
PLYC3722,LUMINUS G5 LED 7W R20 2700K 1/PK X 6/CASE (1012162) LUMINUS G5 DEL 7W R20 2700K 1/PK X 6/CS UPC Pack: 059212874947 UPC Case: 059212874954,EACH,1.87,11.22
PLYC3725,LUMINUS G5 LED 7W R20 5000K 1/PK X 6/CASE (1012189) LUMINUS G5 DEL 7W R20 5000K 1/PK X 6/CS UPC Pack: 059212874961 UPC Case: 059212874978,EACH,1.87,11.22
PLYC4153,LUMINUS LED PAR30 NFL 3000K 1/PK X 6/CASE LUMINUS DEL PAR30 FAIS ETR 3000K 1/PK X 6/CS UPC Pack: 059212883284 UPC Case: 059212883291,EACH,3.64,21.84
PLYC4163,LUMINUS LED PAR30 FL 3000K 1/PK X 6/CASE LUMINUS DEL PAR30 PROJ 3000K 1/PK X 6/CS UPC Pack: 059212883314 UPC Case: 059212883321,EACH,3.48,20.88
PLYC4165,LUMINUS LED PAR30 FL 5000K 1/PK X 6/CASE LUMINUS DEL PAR30 PROJ 5000K 1/PK X 6/CS UPC Pack: 059212883345 UPC Case: 059212883352,EACH,3.48,20.88
PLYC4433,LUMINUS LED 11W PAR30 SN NFL 3000K 1/PK x 6/CASE LUMINUS DEL PAR30 11W SN NFL 3000K 1/PQ x 6/CS UPC Pack: 059212885660 UPC Case: 059212885677,EACH,4.14,24.84
PLYC4443,LUMINUS LED 11W PAR30 SN FL 3000K 1/PK x 6/CASE LUMINUS DEL PAR30 11W SN FL 3000K 1/PQ x 6/CS UPC Pack: 059212885684 UPC Case: 059212885691,EACH,4.14,24.84
PLYC4533,LUMINUS LED 15W PAR38 NFL 1/BOX X 6/CASE LUMINUS DEL 15W PAR38 NFL 1/BOX X 6/CASE UPC Pack: 059212880412 UPC Case: 059212880429,EACH,5.51,33.06
PLYC4543,LUMINUS LED 15W PAR38 FL 1/BOX X 6/CASE LUMINUS DEL 15W PAR38 FL 1/BOX X 6/CASE UPC Pack: 059212880436 UPC Case: 059212880443,EACH,5.51,33.06
PLYC4545,LUMINUS LED 15W PAR38 FL 5000K 1/BOX X 6/CASE LUMINUS DEL 15W PAR38 FL 5000K 1/BOX X 6/CASE UPC Pack: 059212880450 UPC Case: 059212880467,EACH,5.51,33.06
PLYC5232,LUMINUS G5 LED 11W BR30 2700K 1/PK X 6/CASE (1012194) LUMINUS G5 DEL 11W BR30 2700K 1/PK X 6/CS UPC Pack: 059212875029 UPC Case: 059212875036,EACH,2.89,17.34
PLYC5235,LUMINUS G5 LED 11W BR30 5000K 1/PK X 6/CASE (173744/1012197) LUMINUS G5 DEL 11W BR30 5000K 1/PK X 6/CS UPC Pack: 059212875043 UPC Case: 059212875050,EACH,2.89,17.34
PLYC5732,LUMINUS G5 LED 17W BR40 2700K 1/PK X 6/CASE (1012200/2005732) LUMINUS G5 DEL 17W BR40 2700K 1/PK X 6/CS UPC Pack: 059212875067 UPC Case: 059212875074,EACH,4.54,27.24
PLYC5735,LUMINUS G5 LED 17W BR40 5000K 1/PK X 6/CASE (1012203) LUMINUS G5 DEL 17W BR40 5000K 1/PK X 6/CS UPC Pack: 059212875081 UPC Case: 059212875098,EACH,4.54,27.24
PLFV1142,LUMINUS LED 4.5W A19 VINTAGE 1/BOX X 6/CASE LUMINUS DEL 4.5W A19 VINTAGE 1/BOX X 6/CASE UPC Pack: 059212880139 UPC Case: 059212880146,EACH,2.38,14.28
PLFV1222,LUMINUS LED 7W A19 VINTAGE 1/BOX X 6/CASE LUMINUS DEL A19 VINTAGE 1/BOX X 6/CASE UPC Pack: 059212886681 UPC Case: 059212891067,EACH,2.93,17.58
PLFV1552,LUMINUS LED 5W G40 VINTAGE 1/BOX X 6/CASE LUMINUS DEL 5W G40 VINTAGE 1/BOX X 6/CASE UPC Pack: 059212880153 UPC Case: 059212880160,EACH,5.40,32.40
PLFV6112F,LUMINUS LED 4W B11 E12 VINTAGE FL 1/BOX X 6/CASE LUMINUS DEL 4W B11 E12 VINTAGE FL 1/BOX X 6/CASE UPC Pack: 059212880191 UPC Case: 059212880207,EACH,1.94,11.64
PLFV6112MF,LUMINUS LED 4W B11 E26 VINTAGE FL 1/BOX X 6/CASE LUMINUS DEL 4W B11 E26 VINTAGE FL 1/BOX X 6/CASE UPC Pack: 059212880214 UPC Case: 059212880221,EACH,1.99,11.94
PLFV902,LUMINUS LED VINTAGE S14 2200K 1/PK X 12/CASE UPC Pack: 059212883932 UPC Case: 059212883949,EACH,1.40,16.80
PLFV9022,LUMINUS LED 5W ST19 VINTAGE 1/BOX X 6/CASE LUMINUS DEL 5W ST19 VINTAGE 1/BOX X 6/CASE UPC Pack: 059212880115 UPC Case: 059212880122,EACH,3.30,19.80
PLFV9032,LUMINUS LED 5W T10 VINTAGE 1/BOX X 6/CASE LUMINUS DEL 5W T10 VINTAGE 1/BOX X 6/CASE UPC Pack: 059212880177 UPC Case: 059212880184,EACH,4.66,27.96
PLYC135A,LUMINUS LED A19 AMBER 1/PK X 6/CASE LUMINUS DEL A19 AMBRE 1/PK X 6/CS UPC Pack: 059212882584 UPC Case: 059212882591,EACH,2.34,14.04
PLYC135B,LUMINUS LED A19 BLUE 1/PK X 6/CASE LUMINUS DEL A19 BLEU 1/PK X 6/CS UPC Pack: 059212882522 UPC Case: 059212882539,EACH,1.64,9.84
PLYC135G,LUMINUS LED A19 GREEN 1/PK X 6/CASE LUMINUS DEL A19 VERT 1/PK X 6/CS UPC Pack: 059212882546 UPC Case: 059212882553,EACH,1.64,9.84
PLYC135R,LUMINUS LED A19 RED 1/PK X 6/CASE LUMINUS DEL A19 ROUGE 1/PK X 6/CS UPC Pack: 059212882560 UPC Case: 059212882577,EACH,1.64,9.84
PLYC135Y,LUMINUS LED A19 BUG LIGHT 1/PK X 6/CASE LUMINUS DEL A19 ANTI-INSECTE 1/PK X 6/CS UPC Pack: 059212882508 UPC Case: 059212882515,EACH,1.76,10.56
P11140,LUMINUS 40W/A15/120V/1500H/CLEAR MULTIPURPOSE 1/PK x 12/CS LUMINUS 40W/A15/120V/1500H/CLAIRE MULTI-USAGE 1/PK x 12/CS UPC Pack: 059212861114 UPC Case: 059212861749,CASE,0.69,8.28
P11140F,LUMINUS 40W/A15/120V/1500H/FROSTED MULTIPURPOSE 1 x 12/CS LUMINUS 40W/A15/120V/1500H/DEPOLIE MULTI-USAGE 1 x 12/CS UPC Pack: 059212861121 UPC Case: 059212861756,CASE,0.79,9.48
P11325,LUMINUS 25W/CTC/120V/1500H/CLEAR CHANDELIER 2 x 12/CS LUMINUS 25W/CTC/120V/1500H/CLAIRE LUSTRE 2 x 12/CS UPC Pack: 059212861138 UPC Case: 059212861763,CASE,0.79,9.48
P11340,LUMINUS 40W/CTC/120V/1500H/CLEAR CHANDELIER 2 x 12/CS LUMINUS 40W/CTC/120V/1500H/CLAIRE LUSTRE 2 x 12/CS UPC Pack: 059212861145 UPC Case: 059212861770,CASE,0.79,9.48
P11360,LUMINUS 60W/CTC/120V/1500H/CLEAR CHANDELIER 2 x 12/CS LUMINUS 60W/CTC/120V/1500H/CLAIRE LUSTRE 2 x 12/CS UPC Pack: 059212861152 UPC Case: 059212861787,CASE,0.79,9.48
P11625,LUMINUS 25W/ETC/120V/1500H/CLEAR CHANDELIER 2 x 12/CS LUMINUS 25W/ETC/120V/1500H/CLAIRE LUSTRE 2 x 12/CS UPC Pack: 059212861169 UPC Case: 059212861794,CASE,0.92,11.04
P11640,LUMINUS 40W/ETC/120V/1500H/CLEAR CHANDELIER 2 x 12/CS LUMINUS 40W/ETC/120V/1500H/CLAIRE LUSTRE 2 x 12/CS UPC Pack: 059212861176 UPC Case: 059212861800,CASE,0.92,11.04
P11660,LUMINUS 60W/ETC/120V/1500H/CLEAR CHANDELIER 2 x 12/CS LUMINUS 60W/ETC/120V/1500H/CLAIRE LUSTRE 2 x 12/CS UPC Pack: 059212861183 UPC Case: 059212861817,CASE,0.92,11.04
P11907,LUMINUS 7W/C7/120V/2500H/CLEAR NIGHT LIGHT 4 x 12/CS LUMINUS 7W/C7/120V/2500H/CLAIRE VEILLEUSE 4 x 12/CS UPC Pack: 059212861190 UPC Case: 059212861824,CASE,0.71,8.52
P11907B,LUMINUS 7W/C7/120V/2500H/BLUE NIGHT LIGHT 3 x 12/CS LUMINUS 7W/C7/120V/2500H/BLEU VEILLEUSE 3 x 12/CS UPC Pack: 059212862579 UPC Case: 059212862586,CASE,0.71,8.52
P11907P,LUMINUS 7W/C7/120V/2500H/PINK NIGHT LIGHT 3 x 12/CS LUMINUS 7W/C7/120V/2500H/ROSE VEILLEUSE 3 x 12/CS UPC Pack: 059212862593 UPC Case: 059212862609,CASE,0.71,8.52
P11907W,LUMINUS 7W/C7/120V/2500H/SOFT WHITE NIGHT LIGHT 4 x 12/CS LUMINUS 7W/C7/120V/2500H/BLANC DOUX VEILLEUSE 4 x 12/CS UPC Pack: 059212861206 UPC Case: 059212861831,CASE,0.83,9.96
P12140W,LUMINUS 40W/K16/120V/1500H/SOFT WHITE MINI REFLECTOR 1 x 12/CS LUMINUS 40W/K16/120V/1500H/BLANC DOUX PROJECTEUR MINI 1 x 12/CS UPC Pack: 059212861213 UPC Case: 059212861848,CASE,0.95,11.40
P12160W,LUMINUS 60W/K16/120V/1500H/SOFT WHITE MINI REFLECTOR 1 x 12/CS LUMINUS 60W/K16/120V/1500H/BLANC DOUX PROJECTEUR MINI 1 x 12/CS UPC Pack: 059212861220 UPC Case: 059212861855,CASE,0.95,11.40
P12340,LUMINUS 40W/G16/120V/1500H/CLEAR GLOBE 2 x 12/CS LUMINUS 40W/G16/120V/1500H/CLAIRE SPHERE 2 x 12/CS UPC Pack: 059212861251 UPC Case: 059212861886,CASE,1.01,12.12
P12360,LUMINUS 60W/G16/120V/1500H/CLEAR GLOBE 2 x 12/CS LUMINUS 60W/G16/120V/1500H/CLAIRE SPHERE 2 x 12/CS UPC Pack: 059212861268 UPC Case: 059212861893,CASE,1.01,12.12
P15307,LUMINUS 7.5W/S11/120V/2000H/CLEAR INDICATOR 1 x 12/CS LUMINUS 7.5W/S11/120V/2000H/CLAIRE INDICATRICE 1 x 12/CS UPC Pack: 059212861534 UPC Case: 059212862166,CASE,0.58,6.96
P15307R,LUMINUS 7.5W/S11/120V/2000H/RED INDICATOR 1 x 12/CS LUMINUS 7.5W/S11/120V/2000H/ROUGE INDICATRICE 1 x 12/CS UPC Pack: 059212861558 UPC Case: 059212862180,CASE,0.58,6.96
P15307W,LUMINUS 7.5W/S11/120V/2000H/SOFT WHITE INDICATOR 1 x 12/CS LUMINUS 7.5W/S11/120V/2000H/BLANC DOUX INDICATRICE 1 x 12/CS UPC Pack: 059212861541 UPC Case: 059212862173,CASE,0.58,6.96
PLT43A,LUMINUS LED GLASS TUBE 3000K 1/PK X 6/CS LUMINUS TUBE DEL VERRE 3000K 1/PQT X 6/CS UPC Pack: 059212878204 UPC Case: 059212889699,EACH,6.53,39.18
PLT44A,LUMINUS LED GLASS TUBE 4000K 1/PK X 6/CS LUMINUS TUBE DEL VERRE 4000K 1/PQT X 6/CS UPC Pack: 059212889705 UPC Case: 059212889712,EACH,6.53,39.18
PLT45A,LUMINUS LED GLASS TUBE 5000K 1/PK X 6/CS LUMINUS TUBE DEL VERRE 5000K 1/PQT X 6/CS UPC Pack: 059212889729 UPC Case: 059212889736,EACH,6.53,39.18
PPL03A,"LUMINUS LED 22W 13"" RND CEILING LIGHT 3000K 1/PK X 4/CS LUMINUS DEL 22W 13"" LUMIERE PLAFOND RND 3000K 1/PK X 4/CS UPC Pack: 059212891180 UPC Case: 059212891197",EACH,34.99,139.96
PPLS22C,LUMINUS LED 25W 2' FROSTED DOUBLE TUBE STRIP 3CCT 1/BOX X 4/CS LUMINUS DEL 25W 2' BANDE DOUBLE TUBE GIVREE 3CCT 1/BT x 4/CS UPC Pack: 059212894365 UPC Case: 059212894372,EACH,25.58,102.32
PPLS41C,LUMINUS LED 25W 4' FROSTED SINGLE TUBE STRIP 3CCT 1/BOX X 4/CS LUMINUS DEL 25W 4' BANDE TUBE GIVREE 3CCT 1/BT x 4/CS UPC Pack: 059212894389 UPC Case: 059212894396,EACH,32.11,128.44
PPLS42C,LUMINUS LED 25W 4' FROSTED DOUBLE TUBE STRIP 3CCT 1/BOX X 4/CS LUMINUS DEL 25W 4' BANDE DOUBLE TUBE GIVREE 3CCT 1/BT x 4/CS UPC Pack: 059212894402 UPC Case: 059212894419,EACH,44.23,176.92
PPLW2C,LUMINUS LED 20W 2' WRAP LIGHT W/ SMOOTH LENS 3CCT 1/BOX X 4/CS LUMINUS DEL 20W 2' LUMINAIRE ENVELOPPANT AVEC LENTILLE LISSE 3CCT 1/BT x 4/CS UPC Pack: 059212894549 UPC Case: 059212894556,EACH,28.63,114.52
PPLW4C,LUMINUS LED 40W 4' WRAP LIGHT W/ SMOOTH LENS 3CCT 1/BOX X 4/CS LUMINUS DEL 40W 4' LUMINAIRE ENVELOPPANT AVEC LENTILLE LISSE 3CCT 1/BT x 4/CS UPC Pack: 059212894563 UPC Case: 059212894570,EACH,45.00,180.00
PPL30,LUMINUS LED 38W YARD LIGHT 1/PK X 4/CASE LUMINUS DEL APPLMUR EXT 38W 1/PQ X 4/CS UPC Pack: 059212886926 UPC Case: 059212886933,EACH,35.26,141.04
PPL31,LUMINUS LED 50W YARD LIGHT 1/PK X 4/CASE LUMINUS DEL APPLMUR EXT 38W 1/PQ X 4/CS UPC Pack: 059212892194 UPC Case: 059212892200,EACH,37.60,150.40
PPL32,LUMINUS LED 100W YARD LIGHT 1/PK X 4/CASE LUMINUS DEL APPLMUR EXT 38W 1/PQ X 4/CS UPC Pack: 059212892217 UPC Case: 059212892224,EACH,75.94,303.76
PPL40T4,RECHARGEABLE LED DRAWER/CABINET LIGHT 4/PK X 10/TRAY (1234304) LUMIERE POUR TIROIR/ARMOIRE RECHARGEABLE DEL 4/PQT X 10/TRAY (1234304) UPC Pack: 059212888807 UPC Case:,EACH,5.00,40.00
PPL42,LUMINUS MULTIPURPOSE LED 60W 6000 LUMENS 1/PK X 4/CASE LUMINUS LUMIERE MULTI USAGE 60W 6000 LUMENS 1/PK X 4/CS UPC Pack: 059212892347 UPC Case: 059212892354,EACH,25.20,100.80
PPL43,LUMINUS MINI MULTI-LIGHT LED 30W 3000 LUMENS 1/PK X 6/CASE LUMINUS MINI MULTI LUMIERE 30W 3000 LUMENS 1/PK X 6/CS UPC Pack: 059212892583 UPC Case: 059212892590,EACH,10.84,65.04
PPL45,LUMINUS ADDISON OUTDOOR FIXTURE A19 8W INCL. 1/BOX X 4/CS LUMINUS ADDISON APPL. EXTERIEUR A19 8W INCL 1/BOX X 4/CS UPC Pack: 059212893399 UPC Case: 059212893405,EACH,41.11,164.44
PPL51,1539051 - LUMINUS MULTIPURPOSE LED 700/3000/8000 LUMENS (294) LUMINUS LUMIERE MULTI DEL 700/3000/8000 UPC Pack: 059212892620 UPC Case:,EACH,9.00,9.00
PPL67,LUMINUS 6'' E-INSTL SPIN LIGHT DIM ES 4K 1200lm 1/BOX x 6/CS LUMINUS 6'' PLAFONNIER INSTAL.FAC. DIM ES 4K 1200lm 1/BT x 6/CS UPC Pack: 059212895232 UPC Case: 059212895249,EACH,18.38,110.28
PPL69,LUMINUS 8'' E-INSTL SPIN LIGHT DIM ES 4K 3000lm 1/BOX x 6/CS LUMINUS 8'' PLAFONNIER INSTAL.FAC. DIM ES 4K 6000lm 1/BOX x 6/CS UPC Pack: 059212895218 UPC Case: 059212895225,EACH,23.08,138.48
PPLX001,LUMINUS SCARLETT OUTDOOR FIXTURE A19 8W INCL. 1/BOX X 4/CS LUMINUS SCARLETT APPL. EXTERIEUR A19 8W INCL 1/BOX X 4/CS UPC Pack: 059212894143 UPC Case: 059212894150,EACH,43.17,172.68
PPLX002,LUMINUS ELEANOR OUTDOOR FIXTURE A19 8W INCL. 1/BOX X 4/CS LUMINUS ELEANOR APPL. EXTERIEUR A19 8W INCL 1/BOX X 4/CS UPC Pack: 059212895164 UPC Case: 059212895171,EACH,43.17,172.68
PPLX003,LUMINUS AMELIA OUTDOOR FIXTURE A19 8W INCL. 1/BOX X 4/CS LUMINUS AMELIA APPL. EXTERIEUR A19 8W INCL 1/BOX X 4/CS UPC Pack: 059212895188 UPC Case: 059212895195,EACH,27.04,108.16
PPLX005,LUMINUS LILLIAN OUTDOOR FIXTURE A19 8W INCL. 1/BOX X 6/CS LUMINUS LILLIAN APPL. EXTERIEUR A19 8W INCL 1/BOX X 6/CS UPC Pack: 059212895201 UPC Case: 059212894112,EACH,14.92,89.52
PPS162CC,"LUMINUS LED 6"" PANEL CCT 27K/40K/50K 1/BOX x 4/CS LUMINUS DEL PANNEAU COULEUR CHANGEABLE 6"" 2700K/4000K/5000K 1/BT X 4/CS UPC Pack: 059212891678 UPC Case: 059212891685",EACH,14.94,59.76
BPPC1005,iECO 10OZ COMPOST SINGLE WALL CUP 100/PK x 5PK/CS (1090711) iECO 10OZ COMPOST VERRE CHAUD 100/PK x 5PK/CS (1090711) UPC Pack: 059212707023 UPC Case: 059212707030,CASE,9.85,49.25
BPPC1205,iECO 12 OZ COMPOST SINGLE WALL CUP 100/PK x 5PK/CS (1090714) iECO 12 OZ COMPOST VERRE CHAUD 100/PK x 5PK/CS (1090714) UPC Pack: 059212707115 UPC Case: 059212707122,CASE,12.44,62.20
BPPC1605,iECO 16OZ COMPOST SINGLE WALL CUP 100/pk x 5pk/cs iECO 16OZ COMPOST VERRE CHAUD 100/pk x 5pk/cs UPC Pack: 059212707177 UPC Case: 059212707184,CASE,11.93,59.65
BPPS3,CAFE EXPRESS 3OZ MULTIPURPOSE CUP - 600/PK X 4/CS CAFE EXPRESS GOBELET MULTI-USAGE 3OZ - 600/PK X 4/CS UPC Pack: 059212708938 UPC Case: 059212708945,EACH,14.80,59.20
BPPS5,CAFE EXPRESS 5OZ MULTIPURPOSE CUP - 450/PK X 4/CS CAFE EXPRESS GOBELET MULTI-USAGE 5OZ - 450/PK X 4/CS UPC Pack: 059212708952 UPC Case: 059212708969,EACH,15.20,60.80
BPPS405,CAFE EXPRESS 4oz SINGLE WALL HOT CUP 500/CASE (1070491) CAFE EXPRESS 4oz VERRE CHAUD 500/cs (1070491) UPC Pack: 059212707795 UPC Case: 059212707788,CASE,0.03,15.79
BPPS805,CAFE EXPRESS 8oz SINGLE WALL HOT CUP WHITE (CAUTION PRINT) 100/PK x 5PK/CS (1091810) CAFE EXPRESS 8oz VERRE CHAUD BLANC 100/PK x 5PK/CS (1091810) UPC Pack: 059212707825 UPC Case: 059212707818,CASE,5.38,26.90
BPPD805W,CAFE EXPRESS 8OZ WHITE DOUBLE WALL HOT CUP 100/PK X 5/CS CAFE EXPRESS 8OZ GOBELETS A DOUBLE PAROI 100/PQT X 5/CS UPC Pack: 059212326446 UPC Case: 059212326378,CASE,7.68,38.42
BPPD1205W,CAFE EXPRESS 12OZ WHITE DOUBLE WALL HOT CUP 100/PK X 5/CS CAFE EXPRESS 12OZ GOBELETS A DOUBLE PAROI 100/PQT X 5/CS UPC Pack: 059212326460 UPC Case: 059212326415,CASE,9.15,45.74
BPPD1605W,CAFE EXPRESS 16OZ WHITE DOUBLE WALL HOT CUP 100/PK X 5/CS CAFE EXPRESS 16OZ GOBELETS A DOUBLE PAROI 100/PQT X 5/CS UPC Pack: 059212326477 UPC Case: 059212326439,CASE,10.78,53.88
BPPD1005W,CAFE EXPRESS 10OZ WHITE DOUBLE WALL HOT CUP 100/PK X 5/CS CAFE EXPRESS 10OZ GOBELETS A DOUBLE PAROI 100/PQT X 5/CS UPC Pack: 059212326453 UPC Case: 059212326392,CASE,8.82,44.10
BPPD10CLC,CAFE EXPRESS 10OZ PRINTED DOUBLE WALL CUP & SIP LID 75/PK X 96/POD CAFE EXPRESS 10PZ GOBELETS DOUBLE PAROI ET COUVERCLE 75/PK X 96/POD UPC Pack: 059212322769 UPC Case: 059212322776,EACH,13.07,78.42
BPPD8CLC,CAFE EXPRESS 8OZ PRINTED DOUBLE WALL CUP & LID 75/PK 112/POD CAFE EXPRESS 8OZ GOBELETS DOUBLE PAROI ET COUVERCLE 75/PK 112/POD UPC Pack: 059212326279 UPC Case: 059212326293,EACH,10.88,1218.56
BPPR1005,CAFE EXPRESS 10oz RIPPLE CUP 100/PK x 5PK/CS (1098262) CAFE EXPRESS GOBELETS ONDULES 10oz 100/PK x 5PK/CS (1098262) UPC Pack: 059212706286 UPC Case: 059212706279,CASE,12.96,64.80
BPPR1205,CAFE EXPRESS 12oz RIPPLE CUP 100/PK x 5PK/CS (1098267) CAFE EXPRESS 12oz GOBELETS ONDULES 100/PK x 5PK/CS (1098267) UPC Pack: 059212706170 UPC Case: 059212706163,CASE,13.96,69.80
BPPR1605,CAFE EXPRESS 16oz RIPPLE CUP 100/PK x 5PK/CS (1098269) CAFE EXPRESS GOBELETS ONDULES 16oz 100/PK x 5PK/CS (1098269) UPC Pack: 05921270620 UPC Case: 059212706194,CASE,16.00,80.00
BPPR2005,CAFE EXPRESS 20oz RIPPLE CUP 100/pk x 5pk/cs CAFE EXPRESS GOBELETS ONDULES 20oz 100/pk x 5pk/cs UPC Pack: 059212706231 UPC Case: 059212706224,CASE,19.78,98.90
BPPS1005,CAFE EXPRESS 10oz PRINTED HOT CUP 100/pk/5pk/cs (1091812) CAFE EXPRESS 10oz VERRE CHAUD IMPRIME 100/pk x 5pk/cs (1091812) UPC Pack: 059212707856 UPC Case: 059212707849,CASE,8.08,40.40
BPPS1025,CAFE EXPRESS 10OZ PRINTED SINGLE WALL HOT CUP 100/PK X 5/CS CAFE EXPRESS 10OZ GOBELETS A PAROI UNIQUE 100/PQT X 5/CS UPC Pack: 059212320680 UPC Case: 059212320673,CASE,5.69,28.45
BPPS1205,CAFE EXPRESS 12oz PRINTED SINGLE WALL HOT CUP 100/PK x 5PK/CS (1091813) CAFE EXPRESS 12oz VERRE CHAUD IMPRIME 100/PK x 5PK/CS (1091813) UPC Pack: 059212707887 UPC Case: 059212707870,CASE,9.73,48.65
BPPS1605,CAFE EXPRESS 16oz PRINTED SINGLE WALL HOT CUP 100/PK x 5PK/CS (1092143) CAFE EXPRESS 16oz VERRE CHAUD IMPRIME 100/PK x 5PK/CS (1092143) UPC Pack: 059212707917 UPC Case: 059212707900,CASE,10.31,51.55
BPPS305,CAFE EXPRESS 3oz PRINTED SINGLE WALL WATER CUP 500/CASE (1091808) CAFE EXPRESS 3oz VERRE D'EAU IMPRIME 500/cs (1091808) UPC Pack: 059212707764 UPC Case: 059212707757,CASE,0.02,11.37
BPPLP901,CAFE EXPRESS PAPER LID 90MM 50/PK x 20/CS CAFE EXPRESS COUVERCLE EN PAPIER POUR VERRE 90MM 50/PQT x 20/CS UPC Pack: 059212319165 UPC Case: 059212319158,CASE,2.74,54.80
BPPCLP901,iECO PLA PAPER LID 90MM 50/PK x 20/CS iECO COUVERCLE EN PAPIER POUR VERRE 90MM (PLA) 50/PQT x 20/CS UPC Pack: 059212319189 UPC Case: 059212319172,CASE,3.24,64.80
BPPCL9005,iECO 90MM COMPOST DOME SIP LID 100/PK x 5PK/CS (1090716) iECO 90MM COMPOST COUVERCLE BOMBE 100/PQT x 5PQT/CS (1090716) UPC Pack: 059212707214 UPC Case: 059212707221,CASE,8.93,44.65
BPPL6001,CAFE EXPRESS PP SIP LID 50/PK X 20CS (1852173) CAFE EXPRESS COUVERCLE POUR VERRE 50/PK X 20CS (1852173) UPC Pack: 059212318588 UPC Case: 059212318595,CASE,1.10,22.09
BPPLP801,CAFE EXPRESS PAPER LID 80MM 50/PK x 20/CS CAFE EXPRESS COUVERCLE EN PAPIER POUR VERRE 80MM 50/PQT x 20/CS UPC Pack: 059212319141 UPC Case: 059212319134,CASE,2.41,48.20
BPPL8005P,CAFE EXPRESS PP SIP LID 80MM 100/PK x 5/CS (1092152) CAFE EXPRESS COUVERCLE POUR VERRE 80MM (PP) 100/PK x 5/CS (1092152) UPC Pack: 059212318717 UPC Case: 059212318687,CASE,3.38,16.88
BPPL9005P,CAFE EXPRESS PP SIP LID 90MM 100/PK x 5PK/CS (1092169) CAFE EXPRESS COUVERCLE POUR VERRE 90MM (PP) 100/PK x 5PK/CS (1092169) UPC Pack: 059212318731 UPC Case: 059212318694,CASE,4.02,20.12
BPSCOFK,KRAFT COFFEE SLEEVE FOR 12/16oz 100/PK x 10/CS (1700916) MANCHON POUR CAFE 12 ET 16OZ 100/PQ x 10/CS (1700916) UPC Pack: 059212318618 UPC Case: 059212318601,CASE,2.68,26.80
BZP076,CAFE EXPRESS 7oz PP CUP 100/pk x 5pk/cs CAFE EXPRESS 7oz VERRE EN PP 100/pk x 5pk/cs UPC Pack: 059212322325 UPC Case: 059212322332,CASE,3.55,17.75
BZP096,CAFE EXPRESS 9oz PP CUP 100/PK x 5PK/CS (1856973) CAFE EXPRESS 9oz VERRE EN PP 100/PK x 5PK/CS (1856973) UPC Pack: 059212322356 UPC Case: 059212322363,CASE,4.33,21.65
BZP125L,CAFE EXPRESS 84MM FLAT LID (X-slot) 100/PK x 5PK/CS (1097222) CAFE EXPRESS 84MM COUVERCLE PLAT (X-slot) 100/PK x 5PK/CS (1097222) UPC Pack: 059212992184 UPC Case: 059212992191,CASE,3.07,15.35
BZP126,CAFE EXPRESS 12oz PP CUP 100/PK x 5PK/CS (1857038) CAFE EXPRESS 12oz VERRE EN PP 100/PK x 5PK/CS (1857038) UPC Pack: 059212322400 UPC Case: 059212322417,CASE,5.46,27.30
BZP1605,CAFE EXPRESS 16oz PP CUP 500/CS (1097225) CAFE EXPRESS 16oz VERRE EN PP 500/CS (1097225) UPC Pack: 059212992153 UPC Case: 059212992146,CASE,0.08,41.71
BZP1606,CAFE EXPRESS 16oz PP CUP 100/PK x 5PK/CS (1859801) CAFE EXPRESS 16oz VERRE EN PP 100/PK x 5PK/CS (1859801) UPC Pack: 059212322431 UPC Case: 059212322448,CASE,8.10,40.50
BZP1212,CAFE EXPRESS 12oz PP CUP 50/PK x 20PK/CS CAFE EXPRESS 12oz VERRE EN PP 50/pk x 20pk/cs UPC Pack: 059212322370 UPC Case: 059212322387,CASE,2.51,50.20
BZPE18PC100,CAFE EXPRESS 18 OZ PET PARTY CUPS 100/PK x 120/POD CAFE EXPRESS VERRES EN PET POUR FETE 18 OZ 100/PK x 120/POD UPC Pack: 059212325272 UPC Case: 059212325289,EACH,12.75,1530.00
BSTPKIT4,iECO PAPER CUTLERY KIT INDIVIDUALLY WRAPPED 4 PC 250/CS iECO COUTELLERIE EN PAPIER 4 PC EMBALLE INDIVIDUELLEMENT 250/CS UPC Pack: UPC Case: 059212325579,CASE,0.17,42.14
BSTSFP,iECO BAMBOO FORK INDIVIDUALLY WRAPPED 500/CS iECO FOURCHETTE EN BAMBOO EMBALLEE INDIVIDUELLEMENT 500/CS UPC Pack: 059212321823 UPC Case: 059212321830,CASE,0.07,34.00
BSTSKP,iECO BAMBOO KNIFE INDIVIDUALLY WRAPPED 500/CS iECO COUTEAU EN BAMBOO EMBALLEE INDIVIDUELLEMENT 500/CS UPC Pack: 059212321847 UPC Case: 059212321854,CASE,0.06,31.15
BSTSTP,iECO BAMBOO TEASPOON INDIVIDUALLY WRAPPED 500/CS iECO CUILLERE EN BAMBOO EMBALLEE INDIVIDUELLEMENT 500/CS UPC Pack: 059212321861 UPC Case: 059212321878,CASE,0.07,35.46
BSTCIPF,iECO BIRCH CHIP FORKS 1000/PACK x 20/CS iECO FOURCHETTES A FRITES EN BOULEAU 1000/PACK x 20/CS UPC Pack: 059212325791 UPC Case: 059212325807,CASE,4.92,98.39
BSTMCPB,"iECO 5.5"" BLACK COCKTAIL PAPER STRAW 500/PK x 6/CS (1877066) iECO PAILLE NOIRE 140MM POUR BOISSON 500/PK x 6/CS (1877066) UPC Pack: 059212321588 UPC Case: 059212321595",CASE,2.74,16.46
BSTMILP6,"iECO 8"" PAPER STRAW 500/BOX x 6/CS (1090950) iECO PAILLE EN PAPIER 500/BOITE x 6/CS (1090950) UPC Pack: 059212317970 UPC Case: 059212317987",CASE,4.76,28.56
BSTMWFP,IECO FLEXIBLE PAPER STRAW 500/BOX x 6/CS (1874696) IECO PAILLE EN PAPIER FLEXIBLE EMBALLEE INDIVIDUELLEMENT 500/BOITE x 6/CS (1874696) UPC Pack: 059212322059 UPC Case: 059212322042,CASE,7.56,45.38
BSTMWP,"iECO 8"" PAPER STRAW WRAPPED 500/BOX x 6/CS (1090951) iECO PAILLE EN PAPIER EMABLLE INDIVIDUELLEMENT 500/BOITE x 6/CS (1090951) UPC Pack: 059212317994 UPC Case: 059212318007",CASE,5.95,35.70
BSTMWBBP,iECO JUMBO PAPER STRAW INDIVIDUALLY WRAPPED 200/PK x 6/CS (1876339) iECO GRANDE PAILLE EN PAPIER EMBALLEE INDIVIDUELLEMENT 200/PK x 6/CS (1876339) UPC Pack: 059212321601 UPC Case: 059212321618,CASE,5.95,35.69
BAG6P,"6"" BAGASSE PLATE 50/PACK x 10/CS (1091326) ASSIETTES EN BAGASSE 6"" 50/PQT x 10/CS (1091326) UPC Pack: 059212733558 UPC Case: 059212733541",CASE,2.19,21.90
BAG7,"7"" BAGASSE PLATE 50/PACK x 10/CS ASSIETTES EN BAGASSE 7"" 50/PQT x 10/CS UPC Pack: 059212995574 UPC Case: 059212995628",CASE,2.58,25.80
BAG7P125,"iECO 7"" BAGASSE PLATE 125/PK X 4/CS iECO ASSIETTE EN BAGASSE 7"" 125/PK X 4/CS UPC Pack: 059212323308 UPC Case: 059212323315",CASE,6.07,24.28
BAG9,"9"" BAGASSE PLATE 50/PACK x 10/CS ASSIETTES EN BAGASSE 9"" 50/PQT x 10/CS UPC Pack: 059212995581 UPC Case: 059212995635",CASE,4.37,43.70
BAG9P125,"9"" BAGASSE PLATE 125/PACK x 4/CS (1984703) ASSIETTE EN BAGASSE 9"" 125/PQT X 4/CS ) (1984703) UPC Pack: 059212318427 UPC Case: 059212318434",CASE,12.35,49.40
BAG10P,"10"" BAGASSE PLATES 50/PACK x 5/CS (1091331) ASSIETTES EN BAGASSE 10"" 50/PQT x 5/CS (1091331) UPC Pack: 059212733572 UPC Case: 059212733565",CASE,6.65,33.25
BPLTB10P,iECO 10P CLEAR PET FOOD TRAY 125/PK 2/CS iECO 10P CABARET CLAIR EN PET 125/PK 2/CS UPC Pack: 059212324671 UPC Case: 059212324688,CASE,16.02,32.03
BPLTB10S,iECO 10S CLEAR PET FOOD TRAY 125/PK 4/CS iECO 10S CABARET CLAIR EN PET 125/PK 4/CS UPC Pack: 059212324695 UPC Case: 059212324701,CASE,15.47,61.88
BPLTB14,iECO 14 CLEAR PET FOOD TRAY 125/PK 4/CS iECO 14 CABARET CLAIR EN PET 125/PK 4/CS UPC Pack: 059212324718 UPC Case: 059212324725,CASE,7.60,30.38
BPLTB16S,iECO 16S CLEAR PET FOOD TRAY 125/PK 2/CS iECO 16S CABARET CLAIR EN PET 125/PK 2/CS UPC Pack: 059212324732 UPC Case: 059212324749,CASE,23.59,47.17
BPLTB17S,iECO 17S CLEAR PET FOOD TRAY 100/PK 10/CS iECO 17S CABARET CLAIR EN PET 100/PK 10/CS UPC Pack: 059212324756 UPC Case: 059212324763,CASE,5.55,55.50
BPLTB1S,iECO 1S CLEAR PET FOOD TRAY 125/PK 8/CS iECO 1S CABARET CLAIR EN PET 125/PK 8/CS UPC Pack: 059212324497 UPC Case: 059212324503,CASE,6.58,52.65
BPLTB25S,iECO 25S CLEAR PET FOOD TRAY 100/PK 2/CS iECO 25S CABARET CLAIR EN PET 100/PK 2/CS UPC Pack: 059212324770 UPC Case: 059212324787,CASE,28.99,57.97
BPLTB27S,iECO 27S CLEAR PET FOOD TRAY 100/PK 2/CS iECO 27S CABARET CLAIR EN PET 100/PK 2/CS UPC Pack: 059212324794 UPC Case: 059212324817,CASE,20.82,41.63
BPLTB2D,iECO 2D CLEAR PET FOOD TRAY 125/PK 4/CS iECO 2D CABARET CLAIR EN PET 125/PK 4/CS UPC Pack: 059212324558 UPC Case: 059212324565,CASE,10.16,40.62
BPLTB2P,iECO 2P CLEAR PET FOOD TRAY 100/PK 4/CS iECO 2P CABARET CLAIR EN PET 100/PK 4/CS UPC Pack: 059212324534 UPC Case: 059212324541,CASE,8.47,33.88
BPLTB2S,iECO 2S CLEAR PET FOOD TRAY 125/PK 4/CS iECO 2S CABARET CLAIR EN PET 125/PK 4/CS UPC Pack: 059212324510 UPC Case: 059212324527,CASE,10.16,40.63
BPLTB3PP,iECO 3PP CLEAR PET FOOD TRAY 100/PK 4/CS iECO 3PP CABARET CLAIR EN PET 100/PK 4/CS UPC Pack: 059212324572 UPC Case: 059212324589,CASE,8.30,33.18
BPLTB4D,iECO 4D CLEAR PET FOOD TRAY 100/PK 4/CS iECO 4D CABARET CLAIR EN PET 100/PK 4/CS UPC Pack: 059212324619 UPC Case: 059212324626,CASE,12.93,51.73
BPLTB4S,iECO 4S CLEAR PET FOOD TRAY 100/PK 4/CS iECO 4S CABARET CLAIR EN PET 100/PK 4/CS UPC Pack: 059212324596 UPC Case: 059212324602,CASE,12.80,51.18
BPLTB8P,iECO 8P CLEAR PET FOOD TRAY 100/PK 2/CS iECO 8P CABARET CLAIR EN PET 100/PK 2/CS UPC Pack: 059212324633 UPC Case: 059212324640,CASE,16.14,32.28
BPLTB8S,iECO 8S CLEAR PET FOOD TRAY 100/PK 2/CS iECO 8S CABARET CLAIR EN PET 100/PK 2/CS UPC Pack: 059212324657 UPC Case: 059212324664,CASE,16.20,32.40
BAG10P125,"10"" BAGASSE PLATE 125/PACK x 4/CS ASSIETTE EN BAGASSE 10"" 125/PQT X 4/CS UPC Pack: 059212318441 UPC Case: 059212318458",CASE,16.26,65.04
BAG10P125P,"iECO 10"" BAGASSE PLATE 125/PK X 112/POD iECO ASSIETTE EN BAGASSE 10"" 125/PK X 112/POD UPC Pack: 059212318441 UPC Case: 059212323292",EACH,14.54,1628.48
BAG12P100,"iECO 12"" BAGASSE PLATTER 100/PK X 4/CS iECO PLATEAU 12"" EN BAGASSE 100/PK X 4/CS UPC Pack: 059212325326 UPC Case: 059212325333",CASE,17.58,70.33
BAG12B,12oz BAGASSE BOWLS 50/PACK x 5/CS (1091365) BOLS EN BAGASSE 12oz (350ml) 50/PQT x 5/CS (1091365) UPC Pack: 059212733596 UPC Case: 059212733589,CASE,3.23,16.15
BAG12B125,iECO 12OZ BAGASSE BOWL 125/PK X 4/CS iECO BOL EN BAGASSE 12OZ 125/PK X 4/CS UPC Pack: 059212323544 UPC Case: 059212323551,CASE,6.02,24.06
BAG1406,"RECTANGULAR CAKE BOARD BAGASSE 14.3"" x 6"" 192/CS (1454232) PLAQUE EN BAGASSE POUR GATEAU 14.3"" X 6"" 192/CS UPC Pack: UPC Case: 059212002555",CASE,0.27,51.73
BPKSB4,4OZ CONTAINER FOR HOT CONTENTS 50/PK x 20/CS (1417497) CONTENANT DE 4OZ POUR CONTENU CHAUD 50/PK x 20/CS (1417497) UPC Pack: 059212315969 UPC Case: 059212311855,CASE,1.78,35.60
BPKSB4L,LID FOR 4OZ CONTAINER FOR HOT CONTENTS 50/PK x 20/CS (1417498) COUVERCLE POUR CONTENANT DE 4OZ POUR CONTENU CHAUD 50/PK x 20/CS (1417498) UPC Pack: 059212315976 UPC Case: 059212311862,CASE,1.27,25.40
BPKSB12,CAFE EXPRESS 12OZ KRAFT BOWL 50/PK x 6/CS (1692991) CAFE EXPRESS BOL KRAFT 12OZ 50/PK x 6/CS (1692991) UPC Pack: 059212316034 UPC Case: 059212316041,CASE,4.10,24.57
BPKSB16,CAFE EXPRESS 16OZ KRAFT BOWL 50/PK x 6/CS (1692992) CAFE EXPRESS BOL KRAFT 16OZ 50/PK x 6/CS (1692992) UPC Pack: 059212316058 UPC Case: 059212316065,CASE,4.55,27.31
BPKSB16WT,CAFE EXPRESS 16OZ TALL WHITE PAPER BOWL 50/PK x 8/CS(1837308) CAFE EXPRESS BOL BLANC EN PAPIER 16OZ 50/PK x 8/CS UPC Pack: 059212320338 UPC Case: 059212320345,CASE,4.89,39.13
BPKSB16S,CAFE EXPRESS 16OZ SQUAT PAPER BOWL 40/PK x 6/CS CAFE EXPRESS PETIT BOL EN PAPIER KRAFT 16OZ 40/PK x 6/CS UPC Pack: 059212320352 UPC Case: 059212320369,CASE,4.75,28.50
BPKSB24,CAFE EXPRESS 24OZ KRAFT BOWL 40/PK x 6/CS (1692993) CAFE EXPRESS BOL KRAFT 24OZ 40/PK x 6/CS (1692993) UPC Pack: 059212316096 UPC Case: 059212317000,CASE,5.33,32.00
BPKSB32,CAFE EXPRESS 32OZ KRAFT BOWL 40/PK x 6/CS (1692997) CAFE EXPRESS BOL KRAFT 32OZ 40/PK x 6/CS (1692997) UPC Pack: 059212317017 UPC Case: 059212317024,CASE,6.83,40.97
BPKSB40,CAFE EXPRESS 40OZ KRAFT BOWL 25/PK x 8/CS CAFE EXPRESS BOL KRAFT 40OZ 25/PK x 8/CS UPC Pack: 059212317055 UPC Case: 059212317062,CASE,4.91,39.25
BPKSB8,CAFE EXPRESS 8OZ KRAFT BOWL 50/PK x 8/CS (1692998) CAFE EXPRESS BOL KRAFT 8OZ 50/PK x 8/CS (1692998) UPC Pack: 059212317154 UPC Case: 059212317161,CASE,3.28,26.26
BPKSBL111,CAFE EXPRESS 111MM PP LID (12/16) KRAFT BOWLS 50/PK x 6/CS (1692995) CAFE EXPRESS COUVERCLE PP 111MM POUR BOL KRAFT 50/PK x 6/CS (1692995) UPC Pack: 059212316072 UPC Case: 059212316089,CASE,3.07,18.40
BPKSBL149,CAFE EXPRESS 149MM PP LID (24/32) KRAFT BOWLS 40/PK x 6/CS (1692996) CAFE EXPRESS COUVERCLE PP 149MM POUR BOL KRAFT 40/PK x 6/CS (1692996) UPC Pack: 059212317031 UPC Case: 059212317048,CASE,4.16,24.97
BPKSBL184,CAFE EXPRESS 184MM PP LID (40) KRAFT BOWLS 25/PK x 8/CS CAFE EXPRESS COUVERCLE PP 184MM POUR MOYEN BOL KRAFT 25/PK x 8/CS UPC Pack: 059212317079 UPC Case: 059212317086,CASE,3.59,28.69
BPKSBL96,CAFE EXPRESS 96MM PP LID (8) KRAFT BOWLS 50/PK x 8/CS (1692994) CAFE EXPRESS COUVERCLE PP 96MM POUR BOL KRAFT 50/PK x 8/CS (1692994) UPC Pack: 059212317178 UPC Case: 059212317185,CASE,2.08,16.66
BZPL710G,"CAFE EXPRESS 7"" HD PLATES - 100/PK x 10PK/CASE CAFE EXPRESS ASSIETTES 7"" HD - 100/PK x 10PKS/CAISSE UPC Pack: 059212734784 UPC Case: 059212734791",EACH,8.20,82.00
BZPL9100,"CAFE EXPRESS 9"" HD PLATES - 100/PK x 10PK/CASE CAFE EXPRESS ASSIETTES 9"" HD - 100/PK x 10PK/CASE UPC Pack: 059212734807 UPC Case: 059212734814",EACH,11.31,113.10
BAG03,600ML BAGASSE CONTAINER - 500/CS (1344869) CONTENANT EN BAGASSE 600ML - 500/CS UPC Pack: 059212315983 UPC Case: 059212001053,CASE,0.08,38.34
BAG03L,LID FOR 600ML BAGASSE CONTAINER 500/CS (1344873) COUVERCLE POUR CONTENANT EN BAGASSE 600ML - 500/CS UPC Pack: 059212315990 UPC Case: 059212001060,CASE,0.07,35.92
BAG66,"HINGED BAGASSE CONTAINERS 6'' x 6'' 50/PK x 5/CS (1091385) CONTENANT REFERMABLE EN BAGASSE 6"" x 6"" 50/PQT x 5/CS (1091385) UPC Pack: 059212733473 UPC Case: 059212733466",CASE,6.21,31.05
BAG69,"HINGED BAGASSE CONTAINERS 6"" x 9"" 50/PK x 2/CS (1111582 /1691440) CONTENANT REFERMABLE EN BAGASSE 6"" x 9"" 50/PQT x 2/CS (1111582 /1691440) UPC Pack: 059212733497 UPC Case: 059212733480",CASE,9.88,19.76
BAG692,"iECO HINGED BAGASSE CONTAINER 6""X9"" 200/CS (1536090) iECO CONTENANT REFERMABLE EN BAGASSE 6X9"" 200/CS (1536090) UPC Pack: 059212733497 UPC Case: 059212312111",CASE,0.19,38.31
BAG88,"HINGED BAGASSE CONTAINERS 8'' x 8'' 50/PK x 2/CS (1111598) CONTENANT REFERMABLE EN BAGASSE 8"" x 8"" 50/PQT x 2/CS (1111598) UPC Pack: 059212733510 UPC Case: 059212733503",CASE,12.31,24.62
BAG99,"9"" x 9"" HINGED BAGASSE CONTAINERS 50/PACK x 2/CS (1111641) CONTENANT REFERMABLE EN BAGASSE 9"" x 9"" 50/PQT x 2/CS (1111641) UPC Pack: 059212325753 UPC Case: 059212733527",CASE,14.64,29.28
BAG99C,"HINGED BAGASSE CONTAINERS 3 COMPARTMENTS 9'' x 9'' 50/PK x 2/CS (1270329) CONTENANT REFERMABLE EN BAGASSE AVEC 3 COMPARTIMENTS 9"" x 9"" 50/PQT x 2/CS (1270329) UPC Pack: 059212995611 UPC Case: 059212995666",CASE,14.74,29.48
BAG88C,"HINGED BAGASSE CONTAINERS 3 COMPARTMENTS 8'' x 8'' 50/PK x 2/CS (1270255) CONTENANT REFERMABLE EN BAGASSE AVEC 3 COMPARTIMENTS 8"" x 8"" 50/PQT x 2/CS (1270255) UPC Pack: 059212995604 UPC Case: 059212995659",CASE,12.35,24.70
BAM66,"CAFE EXPRESS MFPP HINGED CONTAINER 6"" X 6"" 50/PK x 6/CS CAFE EXPRESS CONTENANT EN PP A CHARGE MINERALE 6"" x 6"" 50/PQT x 6/CS UPC Pack: 059212318991 UPC Case: 059212319004",CASE,6.27,37.60
BAM69,"CAFE EXPRESS MFPP HINGED CONTAINER 6"" X 9"" 50/PK x 6/CS CAFE EXPRESS CONTENANT EN PP A CHARGE MINERALE 6"" x 9"" 50/PQT x 6/CS UPC Pack: 059212319011 UPC Case: 059212319028",CASE,9.31,55.88
BAM88,"CAFE EXPRESS MFPP HINGED CONTAINER 8"" X 8"" 50/PK x 3/CS CAFE EXPRESS CONTENANT EN PP A CHARGE MINERALE 8"" x 8"" 50/PQT x 3/CS UPC Pack: 059212319035 UPC Case: 059212319042",CASE,11.36,34.08
BAM88C,"CAFE EXPRESS MFPP 3-COMP HINGED CONTAINER 8"" X 8"" 50/PK x 3/CS CAFE EXPRESS CONTENANT DE 3 COMPARTIMENTS EN PP A CHARGE MINERALE 8"" x 8"" 50/PQT x 3/CS UPC Pack: 059212319059 UPC Case: 059212319066",CASE,11.35,34.05
BAM99,"CAFE EXPRESS MFPP HINGED CONTAINER 9"" X 9"" 50/PK x 3/CS CAFE EXPRESS CONTENANT EN PP A CHARGE MINERALE 9"" x 9"" 50/PQT x 3/CS UPC Pack: 059212319073 UPC Case: 059212319080",CASE,13.75,41.25
BAM99C,"CAFE EXPRESS MFPP 3-COMP HINGED CONTAINER 9"" X 9"" 50/PK x 3/CS CAFE EXPRESS CONTENANT DE 3 COMPARTIMENTS EN PP A CHARGE MINERALE 9"" x 9"" 50/PQT x 3/CS UPC Pack: 059212319097 UPC Case: 059212319103",CASE,13.75,41.25
BPKB1,IECO KRAFT BOX #1 (11 X 9 X 6.3CM) 300/CS (1377865) IECO BOITE EN PAPIER KRAFT #1 (11 X 9 X 6.3CM) 300/CS (1377865) UPC Pack: 059212000056 UPC Case: 059212999787,CASE,9.14,54.84
BPKB2,IECO KRAFT BOX #2 (19.7 X 14 X 4.7CM) 200/CS IECO BOITE EN PAPIER KRAFT (19.7 X 14 X 4.7CM) 200/CS UPC Pack: 059212000063 UPC Case: 059212999794,CASE,14.19,56.76
BPKB3,IECO KRAFT BOX #3 (19.7 X 14 X 6.3CM) 200/CS IECO BOITE EN PAPIER KRAFT #3 (19.7 X 14 X 6.3CM) 200/CS UPC Pack: 059212000070 UPC Case: 059212999800,CASE,16.65,66.60
BPKB4,IECO KRAFT BOX #4 (20 X 14 X 9CM) 160/CS IECO BOITE EN PAPIER KRAFT #4 (20 X 14 X 9CM) 160/CS UPC Pack: 059212000087 UPC Case: 059212999817,CASE,16.60,66.40
BPKB8,IECO KRAFT BOX #8 (15.2 X 11.8 X 6.2CM) 200/CS (1377854) IECO BOITE EN PAPIER KRAFT #8 (15.2 X 11.8 X 6.2CM) 200/CS(1377854) UPC Pack: 059212000094 UPC Case: 059212999824,CASE,13.46,53.84
BPKBPE1,CAFE EXPRESS KRAFT PE BOX #1 (11 X 9 X 6.3CM) 300/CS (1471446) CAFE EXPRESS BOITE EN PAPIER KRAFT & ENDUIT PE #1 (11 X 9 X 6.3CM) 300/CS (1471446) UPC Pack: 059212310575 UPC Case: 059212310520,CASE,6.86,41.16
BPKBPE1B,C.E. ELITE BLACK TAKEOUT PE BOX #1 (11 X 9 X 6.3CM) 300/CS C.E. ELITE BOITE EN PAPIER NOIRE & ENDUIT PE #1 (11 X 9 X 6.3CM) 300/CS UPC Pack: 059212314368 UPC Case: 059212314313,CASE,6.56,39.36
BPKBPE2,CAFE EXPRESS KRAFT PE BOX #2 (19.7 X 14 X 4.7CM) 200/CS (1471449) CAFE EXPRESS BOITE EN PAPIER KRAFT & ENDUIT PE #2 (19.7 X 14 X 4.7CM) 200/CS (1471449) UPC Pack: 059212310582 UPC Case: 059212310537,CASE,10.84,43.36
BPKBPE2B,C.E. ELITE BLACK TAKEOUT PE BOX #2 (19.7 X 14 X 4.7CM) 200/CS C.E. ELITE BOITE EN PAPIER NOIRE & ENDUIT PE #2 (19.7 X 14 X 4.7CM) 200/CS UPC Pack: 059212314375 UPC Case: 059212314320,CASE,10.36,41.44
BPKBPE3,CAFE EXPRESS KRAFT PE BOX #3 (19.7 X 14 X 6.3CM) 200/CS (1471447) CAFE EXPRESS BOITE EN PAPIER KRAFT & ENDUIT PE #3 (19.7 X 14 X 6.3CM) 200/CS (1471447) UPC Pack: 059212310599 UPC Case: 059212310544,CASE,12.55,50.20
BPKBPE3B,C.E. ELITE BLACK TAKEOUT PE BOX #3 (19.7 X 14 X 6.3CM) 200/CS C.E. ELITE BOITE EN PAPIER NOIRE & ENDUIT PE #3 (19.7 X 14 X 6.3CM) 200/CS UPC Pack: 059212314382 UPC Case: 059212314337,CASE,12.25,49.00
BPKBPE4,CAFE EXPRESS KRAFT PE BOX #4 (20 X 14 X 9CM) 160/CS (1471448) CAFE EXPRESS BOITE EN PAPIER KRAFT & ENDUIT PE #4 (20 X 14 X 9CM) 160/CS (1471448) UPC Pack: 059212310605 UPC Case: 059212310551,CASE,12.59,50.36
BPKBPE4B,C.E. ELITE BLACK TAKEOUT PE BOX #4 (20 X 14 X 9CM) 160/CS C.E. ELITE BOITE EN PAPIER NOIRE & ENDUIT PE #4 (20 X 14 X 9CM) 160/CS UPC Pack: 059212314399 UPC Case: 059212314344,CASE,12.22,48.88
BPKBPE8,CAFE EXPRESS KRAFT PE BOX #8 (15.2 X 11.8 X 6.2CM) 200/CS (1471450) CAFE EXPRESS BOITE EN PAPIER KRAFT & ENDUIT PE #8 (15.2 X 11.8 X 6.2CM) 200/CS (1471450) UPC Pack: 059212310612 UPC Case: 059212310568,CASE,10.08,40.32
BPKBPE8B,C.E. ELITE BLACK TAKEOUT PE BOX #8 (15.2 X 11.8 X 6.2CM) 200/CS C.E. ELITE BOITE EN PAPIER NOIRE & ENDUIT PE #8 (15.2 X 11.8 X 6.2CM) 200/CS UPC Pack: 059212314405 UPC Case: 059212314351,CASE,9.80,39.20
BPKCB12,CAFE EXPRESS 12OZ WHITE PAPER BOWL 25/PK X 20/CS (1930634) CAFE EXPRESS BOL BLANC EN PAPIER 12OZ 25/PQT X 20/CS (1930634) UPC Pack: 059212325081 UPC Case: 059212325098,CASE,2.11,42.19
BPKCB4,CAFE EXPRESS 4OZ WHITE PAPER BOWL 25/PK X 20/CS CAFE EXPRESS BOL BLANC EN PAPIER 4OZ 25/PQT X 20/CS UPC Pack: 059212325029 UPC Case: 059212325036,CASE,1.16,23.13
BPKCB6,CAFE EXPRESS 6OZ WHITE PAPER BOWL 25/PK X 20/CS (1926704) CAFE EXPRESS BOL BLANC EN PAPIER 6OZ 25/PQT X 20/CS (1926704) UPC Pack: 059212325043 UPC Case: 059212325050,CASE,1.32,26.37
BPKCB8,CAFE EXPRESS 8OZ WHITE PAPER BOWL 25/PK X 20/CS (1926706) CAFE EXPRESS BOL BLANC EN PAPIER 8OZ 25/PQT X 20/CS (1926706) UPC Pack: 059212325067 UPC Case: 059212325074,CASE,1.58,31.54
B1P12,TITAN 1 OZ PP PORTION CUP 300/PK x 4PK/CS (1200/CS) (1554137) TITAN CONTENANT EN PP 1 OZ 300/PK x 4PK/CS (1200/CS) (1554137) UPC Pack: 059212794078 UPC Case: 059212794085,CASE,2.77,11.08
B1P12L,TITAN LID FOR 1 OZ PORTION CUP 300/PK x 4PK/CS (1200/CS) (1554135) TITAN COUVERCLE POUR CONTENANT 1 OZ 300/PK x 4PK/CS (1200/CS) (1554135) UPC Pack: 059212794153 UPC Case: 059212794160,CASE,2.03,8.12
B2P12,TITAN 2 OZ PP PORTION CUP 300/PK x 4PK/CS (1200/CS)(1088782/1731893/1742305)) TITAN CONTENANT EN PP 2OZ 300/PK x 4PK/CS (1200/CS)(1200/CS)(1088782/1731893/1742305) UPC Pack: 059212794092 UPC Case: 059212794108,CASE,4.29,17.16
B2P12L,TITAN LID FOR 2 OZ PORTION CUP 300/PK x 4PK/CS (1200/CS)(1088770/1731899/1742306) TITAN COUVERCLE POUR CONTENANT 2 oz 300/PK x 4PK/CS (1200/CS)((1088770/1731899/1742306) UPC Pack: 059212794177 UPC Case: 059212794184,CASE,3.74,14.96
B3P12,TITAN 3.25 OZ PP PORTION CUP 300/PK x 4PK/CS (1200/CS)(1088812) TITAN CONTENANT EN PP 3.25 OZ 300/PK x 4PK/CS (1200/CS)(1088812) UPC Pack: 059212794115 UPC Case: 059212794122,CASE,6.36,25.44
B3P12L,TITAN LID FOR 3.25 & 4 OZ PORTION CUP 300/PK x 4PK/CS (1200/CS)(1088778) TITAN COUVERCLE POUR CONTENANT3.25 & 4 oz 300/PK x 4PK/CS (1200/CS)(1088778) UPC Pack: 059212794191 UPC Case: 059212794207,CASE,5.17,20.68
B4P12,TITAN 4 OZ PP PORTION CUP 300/PK x 4PK/CS (1200/CS) (1088821) TITAN CONTENANT EN PP 4 OZ 300/PK x 4PK/CS (1200/CS) (1088821) UPC Pack: 059212794139 UPC Case: 059212794146,CASE,7.35,29.40
B5P12,TITAN 5.5 OZ PP PORTION CUP 300/PK x 4PK/CS 1200/CS (2001822) TITAN CONTENANT A PORTION EN PP 5.5 OZ 300/PK x 4PK/CS 1200/C (2001822) UPC Pack: 059212325128 UPC Case: 059212325135,CASE,7.36,29.42
EGD08,DELI ROUND LEAKPROOF 8oz PP CONTAINER w/LID 240/CS (18538) DELI CONTENANT ROND ETANCHE EN PP 237 ML AVEC COUVERCLE 240/CS (18538) UPC Pack: UPC Case: 059212997806,CASE,0.14,33.02
EGD12,DELI ROUND LEAKPROOF 12oz PP CONTAINER w/LID 240/CS (1586451) DELI CONTENANT ROND ETANCHE EN PP 354 ML AVEC COUVERCLE 240/CS (1586451) UPC Pack: UPC Case: 059212313828,CASE,0.15,34.91
EGD16,DELI ROUND LEAKPROOF 16oz PP CONTAINER w/LID 240/CS (1092194) DELI CONTENANT ROND ETANCHE EN PP 473 ML AVEC COUVERCLE 240/CS (1092194) UPC Pack: UPC Case: 059212993396,CASE,0.16,38.07
EGD32,DELI ROUND LEAKPROOF 32oz PP CONTAINER w/LID 240/CS (1092195) DELI CONTENANT ROND ETANCHE EN PP 946 ML AVEC COUVERCLE 240/CS (1092195) UPC Pack: UPC Case: 059212993402,CASE,0.23,54.96
EGDC08,RESTO 8OZ PP DELI CONTAINER 50/PACK 10/CS RESTO CONTENANT ROND EN PP 8OZ 50/PACK 10/CS UPC Pack: 059212323780 UPC Case: 059212323797,CASE,2.93,29.30
EGDC12,RESTO 12OZ PP DELI CONTAINER 50/PACK 10/CS RESTO CONTENANT ROND EN PP 12OZ 50/PACK 10/CS UPC Pack: 059212323803 UPC Case: 059212323810,CASE,3.43,34.30
EGDC16,RESTO 16OZ PP DELI CONTAINER 50/PACK 10/CS RESTO CONTENANT ROND EN PP 16OZ 50/PACK 10/CS UPC Pack: 059212323827 UPC Case: 059212323834,CASE,3.76,37.60
EGDC24,RESTO 24OZ PP DELI CONTAINER 50/PACK 10/CS RESTO CONTENANT ROND EN PP 24OZ 50/PACK 10/CS UPC Pack: 059212323841 UPC Case: 059212323858,CASE,4.95,49.50
EGDC32,RESTO 32OZ PP DELI CONTAINER 50/PACK 10/CS RESTO CONTENANT ROND EN PP 32OZ 50/PACK 10/CS UPC Pack: 059212323865 UPC Case: 059212323872,CASE,6.24,62.40
EGDCL117,RESTO PP LID FIT 117MM FOR DELI CONTAINER 50/PACK 10/CS RESTO COUVERCLE EN PP 117MM POUR CONTENANT ROND 50/PACK 10/CS UPC Pack: 059212323971 UPC Case: 059212323988,CASE,2.59,25.90
EGE1250R,ROUND CLEAR TAKE OUT PP CONTAINER 1250ml w/LID 200/CS (1092212) CONTENEUR ROND TRANSPARENT EN PP 1250ml a/COUV 200/CS (1092212) UPC Pack: UPC Case: 059212993426,CASE,13.24,52.96
EGE750,RECTANGULAR CLEAR TAKE OUT PP CONTAINER 750ml w/LID 300/CS (1092158) CONTENEUR RECTANGULAIRE TRANSPARENT EN PP 750ml a/COUV 300/CS (1092158) UPC Pack: UPC Case: 059212993433,CASE,0.17,51.33
EGE750R,ROUND CLEAR TAKE OUT PP CONTAINER 750ml w/LID 300/CS (1301101) CONTENEUR ROND TRANSPARENT EN PP 750ml a/COUV 300/CS (1301101) UPC Pack: UPC Case: 059212998919,CASE,0.17,50.19
EGF425RC,CLEAR BASE ROUND TAKEOUT CONTAINER 425ml w/LID 50/PK X 3/CS CONTENANT ROND POUR EMPORTER A BASE CLAIRE 425ml AVEC COUVERCLE 50/PK UPC Pack: 059212000308 UPC Case: 059212999916,CASE,0.18,27.27
EGF475W,WHITE BASE RECTANGULAR TAKEOUT CONTAINER 475ml w/LID 50/PK X 3/CS CONTENANT RECTANGULAIRE POUR EMPORTER A BASE BLANC 475ml AVEC COUVERCLE 50/PK X 3/CS UPC Pack: 059212001459 UPC Case: 059212997783,CASE,0.19,28.91
EGF475C,CLEAR BASE RECTANGULAR TAKEOUT CONTAINER 475ml w/LID 50/PK X 3/CS CONTENANT RECTANGULAIRE POUR EMPORTER A BASE CLAIRE 475ml AVEC COUVERCLE 50/PK X 3/CS UPC Pack: 059212000353 UPC Case: 059212999961,CASE,0.19,28.91
EGF475C5,CLEAR BASE RECTANGULAR TAKEOUT CONT. 475ml w/LID 50/PK 96/POD CONTENANT RECTANGULAIRE POUR EMPORTER A BASE CLAIRE 475ml AVEC COUVERCLE 50/PK 96/POD UPC Pack: 059212000353 UPC Case:,EACH,9.73,934.08
EGF650RC,CLEAR BASE ROUND TAKEOUT CONTAINER 650ml w/LID 50/PK X 3/CS CONTENANT ROND POUR EMPORTER A BASE CLAIRE 650ml AVEC COUVERCLE 50/PK X 3/CS UPC Pack: 059212000315 UPC Case: 059212999923,CASE,0.24,35.27
EGF650RC5,CLEAR BASE ROUND TAKEOUT CONT. 650ml w/LID 50/PK (1338385) 60/POD CONTENANT ROND POUR EMPORTER A BASE CLAIRE 650ml AVEC COUVERCLE 50/PK (1338385) 60/POD UPC Pack: 059212000315 UPC Case:,EACH,11.11,666.60
EGF650RW,WHITE BASE ROUND TAKEOUT CONTAINER 650ml w/LID 50/PK X 3/CS CONTENANT ROND POUR EMPORTER A BASE BLANC 650ml AVEC COUVERCLE 50/PK X 3/CS UPC Pack: 059212001435 UPC Case: 059212995031,CASE,0.23,34.39
EGF800W,WHITE BASE RECTANGULAR TAKEOUT CONTAINTER 800ml w/LID 50/PK X 3/CS CONTENANT RECTANGULAIRE POUR EMPORTER A BASE BLANC 800ml AVEC COUVERCLE 50/PK X 3/CS UPC Pack: 059212001466 UPC Case: 059212995055,CASE,0.32,47.97
EGF800C,CLEAR BASE RECTANGULAR TAKEOUT CONTAINER 800ml w/LID 50/PK X 3/CS CONTENANT RECTANGULAIRE POUR EMPORTER A BASE CLAIRE 800ml AVEC COUVERCLE 50/PK X 3/CS UPC Pack: 059212000322 UPC Case: 059212999930,CASE,0.28,41.33
EGF800C5,CLEAR BASE RECTANGULAR TAKEOUT CONTAINER 800ml w/LID 50/PK 64/POD CONTENANT RECTANGULAIRE POUR EMPORTER A BASE CLAIRE 800ml AVEC COUVERCLE 50/PK 64/POD UPC Pack: 059212000322 UPC Case:,EACH,12.08,773.12
EGF2C800W,WHITE BASE 2-COMPARTIMENT TAKEOUT CTNR 800ml w/LID 50/PK X 3/CS CONTENANT A 2 COMPARTIMENTS POUR EMPORTER A BASE BLANCHE 800ml AVEC COUVERCLE 50/PK x 3/CS UPC Pack: 059212323186 UPC Case: 059212323193,CASE,17.83,53.48
EGF3C950W,WHITE BASE 3 COMPARTMENT TAKEOUT CTNR 950ml w/LID 25/PKx3/CS CONTENANT A 3 COMPARTIMENTS POUR EMPORTER A BASE BLANC 950ml AVEC COUVERCLE 25/PK x 3/CS UPC Pack: 059212313569 UPC Case: 059212313576,CASE,10.85,32.54
EGF1000W,WHITE BASE RECTANGULAR TAKEOUT CONTAINER 1000ml w.LID 50/PK X 3/CS CONTENANT RECTANGULAIRE POUR EMPORTER A BASE BLANC 1000ml AVEC COUVERCLE 50/PK X 3/CS UPC Pack: UPC Case: 059212995048,CASE,0.33,49.60
EGF1000C,CLEAR BASE RECTANGULAR TAKEOUT CONTAINER 1000ml w/LID 50/PK X 3/CS CONTENANT RECTANGULAIRE POUR EMPORTER A BASE CLAIRE 1000ml AVEC COUVERCLE 50/PK X 3/CS UPC Pack: 059212000339 UPC Case: 059212999947,CASE,0.30,44.94
EGF1000C5,CLEAR BASE RECT. TAKEOUT CONT. 1000ml w/LID 50/PK (1338438) 68/POD CONTENANT RECTANGULAIRE POUR EMPORTER A BASE CLAIRE 1000ml AVEC COUVERCLE 50/PK (1338438) 68/POD UPC Pack: 059212000339 UPC Case:,EACH,14.97,1017.96
EGF1000RC,CLEAR BASE ROUND TAKEOUT CONTAINER 1000ml w/LID 50/PK X 3/CS CONTENANT ROND POUR EMPORTER A BASE CLAIRE 1000ml AVEC COUVERCLE 50/PK X 3/CS UPC Pack: 059212000346 UPC Case: 059212999954,CASE,0.44,66.53
EGF1000RC5,CLEAR BASE ROUND TAKEOUT CONT. 1000ml w/LID 50/PK (1338425) 40/POD CONTENANT ROND POUR EMPORTER A BASE CLAIRE 1000ml AVEC COUVERCLE 50/PK (1338425) 40/POD UPC Pack: 059212000346 UPC Case:,EACH,18.00,720.00
EGF1050BW,WHITE BASE BOWL 1050ml W/LID 50/PK X 3/CS BOL A BASE BLANCHE 1050ml AVEC COUVERCLE 50/PK X 3/CS UPC Pack: 059212319202 UPC Case: 059212319219,CASE,13.41,40.23
EGF1250W,WHITE BASE RECTANGULAR TAKEOUT CONTAINER 1250ML W/LID 50/PK X 3/CS CONTENANT RECTANGULAIRE POUR EMPORTER A BASE BLANC 1250ml AVEC COUVERCLE 50/PK X 3/CS UPC Pack: 059212001480 UPC Case: 059212997790,CASE,0.35,52.20
EGF1250C,CLEAR BASE RECTANGULAR TAKEOUT CONTAINER 1250ml w/LID 50/PK X 3/CS CONTENANT RECTANGULAIRE POUR EMPORTER A BASE CLAIRE 1250ml AVEC COUVERCLE 50/PK X 3/CS UPC Pack: 059212000360 UPC Case: 059212999978,CASE,0.31,46.28
EGF1250C5,CLEAR BASE RECT. TAKEOUT CONT. 1250ml w/LID 50/PK (1338466) 68/POD CONTENANT RECTANGULAIRE POUR EMPORTER A BASE CLAIRE 1250ml AVEC COUVERCLE 50/PK (1338466) 68/POD UPC Pack: 059212000360 UPC Case:,EACH,15.50,1054.00
BZOB160S,CAFE EXPRESS 160OZ PET BOWL W/ 4 SERVING UTENSILS 4/PK X 4/CS CAFE EXPRESS BOL EN PET 160OZ AVEC 4 USTENSILES 4/PK X 4/CS UPC Pack: 059212325173 UPC Case: 059212325180,CASE,9.81,39.22
BP5F035C,"9"" PANELDOME CONTAINER 3,5"" DEEP W/CLEAR BASE 100/CS (543729) (500118) CONTENANT PANELDOME DE 9"" DE 3,5"" PROFOND AVEC BASE GATEAU TRANSPARENTE 100/CS (543729) (500118) UPC Pack: UPC Case: 10055316506996",CASE,0.92,91.51
BP5F050C,9'' PANEL DOME 5'' CLEAR DOME CLEAR BASE PETE 100/CASE COUVERCLE 9'' BOMBE PETE A BASE CLAIR 5'' 100/CS UPC Pack: UPC Case: 10055316505661,CASE,0.93,93.00
BP081702,TURNOVER - MUFFIN- SALAD CONTAINER (PET) 106/CS (1648877/1689353) CONTENANT POUR CHAUSSON- MUFFIN -SALADE 106/CS (PET) (1648877/1689353) UPC Pack: UPC Case: 059212315914,CASE,0.63,66.89
BP9312C,"12"" SQUARE CLEAR PLATTER AND LID COMBO 25/CS PLAT ET COUVERCLE CARRE TRANSPARENT DE 12"" 25/CS UPC Pack: UPC Case: 039982044160",CASE,2.09,52.23
BP9318C,"18"" SQUARE CLEAR PLATTER AND LID COMBO 25/CS PLAT ET COUVERCLE CARRE TRANSPARENT DE 18"" 25/CS UPC Pack: UPC Case: 039982044191",CASE,4.20,104.92
BPLRBS,SMALL CHICKEN ROASTER BAG 500/CS SAC POUR PETIT POULET ROTI 500/CS UPC Pack: UPC Case: 059212325296,CASE,0.23,114.90
BAN69,"RESTO MFPP HINGED CONTAINER 6"" X 9"" 50/PK x 6/CS (1693122) RESTO CONTENANT EN PP ET MINERAUX 6"" X 9"" 50/PQT X 6/CS (1693122) UPC Pack: 059212317215 UPC Case: 059212317222",CASE,8.20,49.18
BAN99,"RESTO MFPP HINGED CONTAINER 9"" X 9"" 50/PK x 3/CS (1693123) RESTO CONTENANT EN PP ET MINERAUX 9"" X 9"" 50/PQT X 3/CS (1693123) UPC Pack: 059212317277 UPC Case: 059212317284",CASE,11.09,33.28
MB16Y6,16OZ YELLOW WIDE MOUTH SQUEEZE BOTTLES WITH LID 6/PK x 6/CS (1085943) 16OZ BOUTEILLES DE COMPRESSIBLE JAUNES AVEC COUVERCLE 6/PK X 6/CS (1085943) UPC Pack: 059212990791 UPC Case: 059212990807,EACH,6.06,36.36
BPFPC41,CONE CUPS 4OZ 1000/PACK 5/CASE (1123087) VERRE CONIQUE 4OZ 1000/PQT 5/CAISSE (1123087) UPC Pack: 059212794290 UPC Case:,EACH,17.85,89.25
BZ9501,TITAN 19oz SILVER PORTION CONTAINER WITH LID 4x 25 SETS/CS CONTENANT TITAN 550mL ARGENT AVEC COUVERCLE 4x 25 ENS/CS UPC Pack: 059212312555 UPC Case: 059212312852,CASE,8.24,32.96
BZ9502,TITAN 22oz SMALL SILVER ENTREE CONTAINER WITH LID 4x25 SETS/CS PETIT CONTENANT TITAN 650mL ARGENT AVEC COUVERCLE 4x25 ENS/CS UPC Pack: 059212312876 UPC Case: 059212312685,CASE,11.19,44.76
BZ9502D,TITAN 22oz SM. SILVER ENTREE CONT. HIGH DOME LID 4x25 SETS/CS PETIT CONT. TITAN 650mL ARGENT ENTREE AVEC COUV. HAUT 4x25 ENS/CS UPC Pack: 059212312135 UPC Case: 059212312890,CASE,13.24,52.94
BZ9504,TITAN 52oz MEDIUM SILVER ENTREE CONTAINER WITH LID 2x 25 SETS/CS CONTENANT MOYEN TITAN 1.55L D'ENTREE ARGENT AVEC COUVERCLE 2x25 ENS/CS UPC Pack: 059212312906 UPC Case: 059212312692,CASE,20.50,41.00
BZ9505,TITAN 72oz LARGE SILVER ENTREE CONTAINER WITH LID 2x25 SETS/CS (1624365) LARGE CONT. TITAN 2.1L ARGENT ENTREE AVEC COUV. HAUT 2x25 ENS/CS UPC Pack: 059212312937 UPC Case: 059212312708,CASE,26.08,52.16
BZ9D13200,TITAN ULTRA ALUMINUM LASAGNA PAN 1/PK X 160/DISPLAY TITAN ULTRA PLATS A LASAGNE EN ALUMINIUM 1/PQ X 160/PRESENTOIR UPC Pack: 059212997639 UPC Case: 059212322981,EACH,151.22,151.22
BZ94002,TITAN 8'' ALUMINIUM PIE PANS 50/PKx10/CS TITAN ASSIETTES A TARTE 8'' EN ALUMINIUM 50/PKx10/CS UPC Pack: 059212312968 UPC Case: 059212312975,CASE,8.48,84.80
BZ94003,"TITAN FOIL 12"" ALUMINIUM PERFORATED PIE PANS 250/CS (1378846) TITAN FOIL ASSIETTES A TARTE 12"" EN ALUMINIUM 250/CS (1378846) UPC Pack: 059212325609 UPC Case: 059212997035",CASE,0.34,84.62
BZ94004,"TITAN FOIL 12"" ALUM. PIE PAN (31239) 125/PK X 2/CS TITAN FOIL ASSIETTES A TARTE EN ALUM. 12"" (31239) 125/PQT X 2/CS (1700356) UPC Pack: 059212326811 UPC Case: 059212326811",CASE,33.75,67.50
BZ94005,"TITAN FOIL 8.5"" ALUMINIUM PIE PAN 125/PK X 4/CS TITAN FOIL ASSIETTES A TARTE EN ALUM. 8.5"" 125/PK X 4/CS UPC Pack: 059212318342 UPC Case: 059212318359",CASE,18.30,73.20
BZ94006,"TITAN FOIL 6"" ALUMINIUM PIE PANS 125/PK x 4/CS TITAN FOIL ASSIETTES A TARTE 15CM EN ALUMINIUM 125/PK x 4/CS UPC Pack: 059212997080 UPC Case: 059212997097",CASE,9.46,37.85
BZ94040,TITAN FOIL 4LB OBLONG TAKE OUT CONTAINER 25/PK X 10/CS TITAN CONTENANT RECTANGULAIRE A EMPORTER 1.8L 25/PK X 10/CS UPC Pack: 059212313248 UPC Case: 059212313255,CASE,8.46,84.60
BZ94040LC,LAMINATED LID FOR 4LB OBLONG CONTAINER 25/PK X10/CS COUVERCLE LAMINE POUR CONTENEUR OBLONG 1.8L 125/PK X 2/CS UPC Pack: 059212313125 UPC Case: 059212313132,CASE,1.80,18.00
BZ94040LD,LOW DOME LID FOR 4LBS OBLONG TAKE OUT CONTAINER 25/PK X 10/CS COUVERCLE EN DOME POUR CONT. A EMPORTER 1.8L 25/PK X 10CS UPC Pack: 059212320833 UPC Case: 059212320840,CASE,5.27,52.73
BZ94040DLC,HIGH DOME LID FOR 4LBS OBLONG TAKE OUT CONTAINER 25/PK X 10/CS COUVERCLE EN DOME POUR CONT. A EMPORTER 1.8L 25/PK X 10CS UPC Pack: 059212320499 UPC Case: 059212319950,CASE,4.73,47.27
BZ94041,TITAN FOIL 5LB OBLONG TAKE OUT CONTAINER 25/PK X 10/CS TITAN CONTENANT RECTANGULIER A EMPORTER 5LB 25/PK X 10/CS UPC Pack: 059212313262 UPC Case: 059212313279,CASE,7.62,76.15
BZ94041LC,LAMINATED LID FOR 5LB OBLONG CONTAINER 25/PK X 10/CS COUVERCLE LAMINE POUR CONTENEUR OBLONG 5LB 25/PK X 10/CS UPC Pack: 059212313224 UPC Case: 059212313231,CASE,1.29,12.92
BZ94042,TITAN FOIL 5LB SQUARE TAKE OUT CONTAINER 25/PK X 10/CS TITAN CONTENANT CARRE A EMPORTER 5LB 25/PK X 10/CS UPC Pack: 059212313187 UPC Case: 059212313194,CASE,7.57,75.68
BZ94042LC,LAMINATED LID FOR 5LB SQ. CONT. 25/PK X 10/CS (250/cs) COUVERCLE LAMINE POUR CONTENEUR CARRE 5LB 50/PK X 4/CS UPC Pack: 059212313149 UPC Case: 059212313156,CASE,2.17,21.68
BZ90319,TITAN FOIL PIZZA PAN 25/PK X 10/CS TITAN MOULE PLAQUE A PIZZA 25/PK X 10/CS UPC Pack: 059212312548 UPC Case: 059212312883,CASE,0.37,91.50
BZ94020C,TITAN FOIL FULL SIZE STEAM PANS MEDIUM 5 X 10/CS TITAN TABLE A VAPEUR PROFONDEUR MEDIUM EN ALUM 5 X 10/CS UPC Pack: 059212998735 UPC Case: 059212998780,CASE,6.31,63.10
BZ94021,TITAN FOIL FULL SIZE STEAM TABLE PANS SHALLOW 50/CS TITAN FOIL TABLE A VAPEUR PEU PROFOND EN ALUM 50/CS UPC Pack: UPC Case: 059212997493,CASE,57.17,57.17
BZ94021C,TITAN FOIL FULL SIZE STEAM TABLE PANS SHALLOW 5/PK X 10/CS TITAN TABLE A VAPEUR PEU PROFONDE EN ALUM 5/PQT X 10/CS UPC Pack: 059212997769 UPC Case: 059212997752,CASE,5.81,58.10
BZ94025C,TITAN FOIL HALF STEAM PANS MEDIUM 10 X 10/CS TITAN FOIL TABLE A VAPEUR DEMI PROF. MEDIUM 10 X 10/CS UPC Pack: 059212998742 UPC Case: 059212998766,CASE,4.50,45.00
BZ90304,"TITAN FOIL 9"" DEEP PIE PANS 50PK X 4/CS (200/CS) TITAN FOIL ASSIETTES A TARTE PROFONDE 22.7 CM 200/CS UPC Pack: 059212000995 UPC Case: 059212000940",CASE,9.33,37.32
BZ90305,"TITAN FOIL 10"" ALUMINIUM PIE PANS 50/PK X 4/CS (125262) TITAN FOIL ASSIETTES A TARTE 25.4 CM EN ALUMINIUM 200/CS (125262) UPC Pack: 059212997004 UPC Case: 059212997028",CASE,10.66,42.64
BZ90306,"TITAN 5"" ALUMINIUM POT PIE PANS 100/PK x 10/CS TITAN 5'' ASSIETTES A TARTELETTER EN ALUMINIUM 100/PK x 10/CS UPC Pack: 059212312739 UPC Case: 059212312746",CASE,6.61,66.10
BZ90341,TITAN 4OZ ALUMINIUM CUP 100/PK x10/CS TITAN 4OZ TASSE EN ALUMINIUM 100/PK x10/CS UPC Pack: 059212312753 UPC Case: 059212312760,CASE,6.35,63.50
BZ92564,TITAN FOIL 1.5 LB LOAF PAN (26435) 125/PK X 4PKS 500/CS TITAN FOIL CONTENANTS OBLONGS 1.5 LIVRE (26435) 125/PQT X 4PQT 500/CS UPC Pack: 059212001565 UPC Case: 059212001572,CASE,19.06,76.25
BZ90316C,TITAN FOIL 2LB LOAF PANS 125/PK X 4/CS TITAN FOIL MOULES A PAIN 2 LBS 125/PQ X 4/CS UPC Pack: 059212000469 UPC Case: 059212000452,CASE,27.11,108.44
BZ91309,TITAN FOIL LARGE RECTANGULAR CAKE PAN 25/PK x 4/CS TITAN MOULES A GATEAUX RECTANGULAIRES 100/CS UPC Pack: 059212989870 UPC Case: 059212996427,CASE,9.19,36.76
BZ90320C,TITAN FOIL HALF SIZE STEAM TABLE PANS SHALLOW 10/PK X 10/CS TITAN FOIL TABLE A VAPEUR DEMI TAILLE PEU PROFOND EN ALUM 10/PQT X 10/CS UPC Pack: 059212997707 UPC Case: 059212997714,CASE,4.28,42.80
BZ90321C,TITAN FOIL HALF SIZE STEAM TABLE DEEP PANS 10/PK X 10/CS TITAN TABLE A VAPEUR DEMI TAILLE PROFONDE EN ALUM 10/PQT X 10/CS UPC Pack: 059212997738 UPC Case: 059212997745,CASE,4.55,45.50
BZ90321DL,TITAN LOW DOME LID 1/2 STEAM PAN 10/PK X 10/CS TITAN COUVERCLES BAS A DOME POUR VAPEUR 1/2 10/PK x 10/CS UPC Pack: 059212322936 UPC Case: 059212322943,CASE,3.96,39.60
BZ92014,TITAN FOIL HALF SIZE STEAM PANS EXTRA DEEP 10/PK x 10/CS TITAN VAPEUR DEMI TAILLE TRES PROFOND EN ALUM 10/PK x 10/CS UPC Pack: 059212997561 UPC Case: 059212997554,CASE,7.70,77.00
BZ92019AC,TITAN FOIL FULL SIZE DEEP STEAM TABLE PANS 5/PK X 10/CS TITAN TABLE A VAPEUR PROFONDES EN ALUM 5/PK X 10/CS UPC Pack: 059212997721 UPC Case: 059212997691,CASE,7.33,73.30
BZ92046C,"TITAN FOIL 9"" ROUND ALUMINIUM CONTAINERS 125/PK X 4/CS TITAN FOIL CONTENANTS RONDS 9"" EN ALUMINIUM 125/PQT X 4/CS UPC Pack: 059212999671 UPC Case: 059212999664",CASE,21.84,87.36
BZ92046DLC,"DOME LID FOR TITAN FOIL 9"" ROUND CONTAINERS 125/PK X 4/CS (1642147) COUVERCLES EN DOME POUR CONT. 9"" RONDS 125/PQT X 4/CS UPC Pack: 059212999268 UPC Case: 059212999251",CASE,10.63,42.52
BZ92046LC,"LAMINATED LIDS FOR 9"" ROUND ALUMINIUM CONTAINERS 125/PK X 4/CS (1642140) COUVERCLES LAMINEES POUR CONTENANTS RONDS 9"" EN ALUMINIUM 125/PQT X 4/CS (1642140) UPC Pack: 059212999732 UPC Case: 059212999725",CASE,6.46,25.84
BZ92047C,"TITAN FOIL 7"" ROUND ALUMINIUM CONTAINERS 125/PK X 4/CS TITAN FOIL CONTENANTS RONDS 7"" EN ALUMINIUM 125/PQT X 4/CS UPC Pack: 059212999695 UPC Case: 059212999688",CASE,14.67,58.68
BZ92047DLC,"DOME LID FOR TITAN FOIL 7"" ROUNDS 125/PK X 4/CS COUVERCLES EN DOME POUR CONT. 7"" RONDS 125/PQT X 4/CS UPC Pack: 059212999244 UPC Case: 059212999237",CASE,5.55,22.20
BZ92047LC,"LAMINATED LIDS FOR 7"" ROUND ALUMINIUM CONTAINERS 125/PK X 4/CS COUVERCLES LAMINEES POUR CONTENANTS RONDS 7"" EN ALUMINIUM 125/PQT X 4/CS UPC Pack: 059212999756 UPC Case: 059212999749",CASE,4.14,16.56
BZ92047Y,"RESTO FOIL 7"" ROUND ALUMINIUM CONTAINERS 125/PK X 4/CS RESTO FOIL CONTENANTS RONDS 7"" EN ALUMINIUM 125/PQT X 4/CS UPC Pack: 059212315105 UPC Case: 059212315099",CASE,15.22,60.88
BZ92049LC,TITAN FOIL LIDS FOR HALF STEAM PANS 10/PK X 10/CS TITAN COUVERCLES POUR TABLE A VAPEUR DEMI TAILLE 10/PQT X 10/CS UPC Pack: 059212997813 UPC Case: 059212997820,CASE,3.15,31.50
BZ92050LC,TITAN FOIL LIDS FOR FULL STEAM PANS 5/PK X 10/CS TITAN COUVERCLES EN ALUM POUR TABLE A VAPUER 5/SPK X 10/CS UPC Pack: 059212997837 UPC Case: 059212997844,CASE,3.37,33.70
BZ92058C,"TITAN FOIL 8"" ROUND ALUMINIUM CONTAINERS 125/PK X 4/CS TITAN FOIL CONTENANTS RONDS 8"" EN ALUMINIUM 125/PQT X 4/CS UPC Pack: 059212999718 UPC Case: 059212999701",CASE,18.34,73.36
BZ92058DLC,"DOME LID FOR TITAN FOIL 8"" ROUND CONTAINERS 125/PK X 4/CS COUVERCLES EN DOME POUR CONT. 8"" RONDS 125/PQT X 4/CS UPC Pack: 059212999282 UPC Case: 059212999275",CASE,7.76,31.04
BZ92058LC,"LAMINATED LIDS FOR 8"" ROUND ALUMINIUM CONTAINERS 125/PK X 4/CS COUVERCLES LAMINEES POUR CONTENANTS RONDS 8"" EN ALUMINIUM 100/PQT X 5/CS UPC Pack: 059212999770 UPC Case: 059212999763",CASE,5.59,22.36
BZ92059C,TITAN FOIL 1 LB. OBLONG CONTAINERS 125/PK X 4/CS TITAN FOIL CONTENANTS OBLONGS 1 LIVRE 125/PQT X 4/CS UPC Pack: 059212999121 UPC Case: 059212999114,CASE,9.87,39.48
BZ92059DLC,DOME LID FOR TITAN FOIL 1LB OBLONG 125/PK X 4/CS COUVERCLES EN DOME POUR CONT TITAN FOIL 1 LB OBLONG 125/PK X 4/CS UPC Pack: 059212000483 UPC Case: 059212000476,CASE,2.99,11.96
BZ92059LC,LID FOR TITAN FOIL 1 LB OBLONG CONTAINERS 125/PK X 4/CS (1399613) COUVERCLES POUR CONTENANTS TITAN FOIL 1 LIVRE 100/PQT X 5/CS (1399613) UPC Pack: 059212999183 UPC Case: 059212999176,CASE,2.10,8.40
BZ92060C,TITAN FOIL 2 LB. OBLONG CONTAINERS 125/PK X 4/CS (1643626) TITAN FOIL CONTENANTS OBLONGS 900ML 125/PQT X 4/CS UPC Pack: 059212999145 UPC Case: 059212999138,CASE,14.67,58.68
BZ92060DLC,DOME LID FOR TITAN FOIL 2LB OBLONG 125/PK X 4/CS COUVERCLES EN DOME POUR CONT TITAN FOIL 900ML OBLONG 125/PK X 4/CS UPC Pack: 059212000506 UPC Case: 059212000490,CASE,5.89,23.56
BZ92060LC,LID FOR TITAN FOIL 2 LB OBLONG CONTAINERS 125/PK X 4/CS (1644136) COUVERCLES POUR CONTENANTS TITAN FOIL 900ML 125/PQT X 4/CS (1644136) UPC Pack: 059212999206 UPC Case: 059212999190,CASE,2.95,11.80
BZ92061C,TITAN FOIL 1.5LB SHALLOW TAKE OUT CONTAINER 125/PK X 4/CS TITAN CONTENANT A EMPORTER PEU PROFOND 700ML 125/PK X 4/CS UPC Pack: 059212313422 UPC Case: 059212313439,CASE,15.71,62.83
BZ92062C,TITAN FOIL 2.25 LB. OBLONG CONTAINERS 125/PK X 4/CS TITAN FOIL CONTENANTS OBLONGS 2.25 LIVRES 125/PQT X 4/CS UPC Pack: 059212999169 UPC Case: 059212999152,CASE,20.20,80.80
BZ92062DLC,DOME LID FOR TITAN FOIL 1.5LB AND 2.25LB OBLONG 125/PK X 4/CS COUVERCLES EN DOME POUR CONT TITAN FOIL 1.5 ET 2.25 LIVRE OBLONG 125/PK X 4/CS UPC Pack: 059212000520 UPC Case: 059212000513,CASE,9.09,36.36
BZ92062LC,TITAN FOIL LAMINATE LID FOR 1.5 & 2.25 LB. REC. TAKE OUT CONT. 125/PK X 4/CS (1388836) COUVERCLES LAMINES POUR CONTENANTS TITAN FOIL RECTANGULAIRES A EMPORTER DE 700 ET 1000 ML 125/PQT X 4/CS (1388836) UPC Pack: 059212999220 UPC Case: 059212999213,CASE,4.07,16.30
BZ92063,TITAN FOIL MULTIPURPOSE UTILITY PAN 10/PK X 10/CS TITAN FOIL MULTI-USAGE UTILITAIRE PAN 10/PK X 10/CS UPC Pack: 059212313323 UPC Case: 059212313330,CASE,8.27,82.70
BZA4205A,TITAN FOIL ALUM ENTREE PAN 2.25L (76oz) 300/CS (24631) TITAN FOIL CONTENANT EN ALUMINIUM POUR PLAT D'ENTREE 2.25L 300/CS (24631) UPC Pack: UPC Case: 059212311299,CASE,63.19,189.57
BP02657A,MEDIUM LID FOR 4205A ENTREE FOIL PAN 300/CS (24678) COUVERCLE MOYEN POUR L'ENTREE 4205 300/CS ( 24678) UPC Pack: UPC Case: 059212316010,CASE,0.34,103.11
BP12TR,12OZ RECT TAMPER EVIDENT CONTAINER 210/CS (1889361) CONTENANT RECTANGULAIRE INVIOLABLE DE 12OZ 210/CS (1889361) UPC Pack: UPC Case: 044474650019,CASE,0.20,41.46
BP16TR,16oz CLEAR RECT TAMPER EVIDENT 210/CS (1499883) 16oz CONTENANT INVIOLABLE 210/CS UPC Pack: UPC Case: 044474660018,CASE,0.20,42.03
BP20TR,20OZ RECT TAMPER EVIDENT CONTAINER 164/CS(1876672) CONTENANT RECTANGULAIRE INVIOLABLE DE 20OZ 164/CS (1876672) UPC Pack: UPC Case: 044474070015,CASE,0.30,49.92
BP32TR,32OZ RECT TAMPER EVIDENT CONTAINER 164/CS CONTENANT RECTANGULAIRE INVIOLABLE DE 32OZ 164/CS UPC Pack: UPC Case: 044474680016,CASE,0.30,49.72
BP48TR,48OZ CLEAR RECT TAMPER EVIDENT 140/CS (1626502) 48OZ CLAIR RECT TAMPER EVIDENT 140/CS (1626502) UPC Pack: UPC Case: 044474200696,CASE,0.46,64.62
BP64TR,64OZ RECT TAMPER EVIDENT 140/CS (1592225) 64OZ CONTENANT TAMPER 140/CS UPC Pack: UPC Case: 044474200702,CASE,0.51,71.08
BPLA16TC,"16"" CATERING TRAY 50/CS (1884046) PLATEAU DE SERVICE DE 16"" 50/CS (1884046) UPC Pack: UPC Case: 044474015870",CASE,1.23,61.50
BPLA16TCL,"HIGH DOME LID FOR 16"" CATERING TRAY 50/CS (1883996) COUVERCLE HAUT POUR PLATEAU DE SERVICE DE 16"" 50/CS (1883996) UPC Pack: UPC Case: 044474219926",CASE,1.23,61.50
BZABK,RESTO BUFFET SERVING KIT 31pcs (1127688) BUFFET ENSEMBLE POUR RESTAURATION RESTO 31mrc (1127688) UPC Pack: 059212974876 UPC Case:,EACH,40.77,40.77
FFW12T,"6 HOUR SCREW CAP WICK 12/TRAY (1231231) FROTTEMENT DU CARBURANT, 6 HEURES MECHE A BOUCHON A VIS 12/TRAY (1231231) UPC Pack: 685100177113 UPC Case: 685100177410",CASE,2.59,31.08
BP02369,CORNER LOCK CONTAINER DP 240/CS (12) CONTENANT PROFOND A COINS FERMES EN PET 240/CS UPC Pack: UPC Case: 55316510361,CASE,0.40,96.51
BP08170,TURNOVER - MUFFIN CONTAINER (PET) 100/CS (1481973) CONTENANT POUR CHAUSSON - MUFFIN 100/CS (PET) (1481973) UPC Pack: UPC Case: 059212311886,CASE,0.57,56.77
BP13142,DANISH/MUFFIN CLAMSHELL CONTAINER 165/CS (1656108 /1695040) CONTENANT POUR DANOISE/MUFFIN 165/CS (1656108 /1695040) UPC Pack: UPC Case: 059212317109,CASE,0.55,90.55
BP502093,UTILITY CONTAINER DEEP PET 300/CS (1640025) CONTENANT UTILITAIRE PROFOND PET 300/CS (1640025) UPC Pack: UPC Case: 055316507231,CASE,0.32,95.15
BP502108,GIANT UTILITY CONTAINER PET 100/CS CONTENANT UTILITAIRE GEANT PET 100/CS UPC Pack: UPC Case: 055316507125,CASE,1.78,177.69
BPFPC11,1OZ PAPER PORTION CUPS 4 x 250 1000/PK (1115616) CONTENANT EN PAPIER1OZ 4 x 250 1000/PK (1115616) UPC Pack: 059212794306 UPC Case:,EACH,12.05,60.25
BBP1623,"RESTO PARCHMENT SHEET (38GSM) 16.4"" X 24.4"" 1000/CS RESTO PAPIER PARCHEMIN 16.4"" X 24.4"" (38GSM) 1000/CS UPC Pack: UPC Case: 059212999039",CASE,0.06,61.80
BBPAF1900,TITAN PARCHMENT PAPER FOR AIR FRYER 19.5CM 100/BX X 8/CS TITAN PAPIER PARCHEMIN POUR FRITEUSE A AIR CHAUD 19.5CM 100/BOITE X 8/CS UPC Pack: 059212325234 UPC Case: 059212325241,CASE,5.78,46.27
BBPAF1600,TITAN PARCHMENT PAPER FOR AIR FRYER 16.5CM 100/BOX X 8/CS TITAN PAPIER PARCHEMIN POUR FRITEUSE A AIR CHAUD 16.5CM 100/BOITE X 8/CS UPC Pack: 059212325197 UPC Case: 059212325203,CASE,4.28,34.22
BBPAF1600C,TITAN PARCHMENT PAPER FOR AIR FRYER CROWN 16.5CM 100/BX X 8/CS TITAN PAPIER PARCHEMIN POUR FRITEUSE A AIR CHAUD CARRE 16.5CM 100/BOITE X 8/CS UPC Pack: 059212325210 UPC Case: 059212325227,CASE,4.56,36.48
BBHDW12,"RESTO FOIL PAPER WRAP 12"" X 12"" 1000/CS (1940145) RESTO EMBALLAGE PAPIER ALUMINIUM 12"" X 12"" 1000/CS UPC Pack: UPC Case: 059212311398",CASE,0.03,34.80
BBHDW13,"RESTO FOIL PAPER WRAP 12"" X 14"" 1000/CS RESTO EMBALLAGE PAPIER ALUMINIUM 12"" X 14"" 1000/CS UPC Pack: UPC Case: 059212311411",CASE,0.04,40.00
BBHDW14,"RESTO FOIL PAPER WRAP 14"" X 14"" 1000/CS RESTO EMBALLAGE PAPIER ALUMINIUM 14"" X 14"" 1000/CS UPC Pack: UPC Case: 059212311404",CASE,0.05,47.00
BBHDW15,"RESTO FOIL PAPER WRAP 14"" X 16"" 1000/CS RESTO EMBALLAGE PAPIER ALUMINIUM 14"" X 16"" 1000/CS UPC Pack: UPC Case: 059212311428",CASE,0.05,50.25
VPBAIR,50.5 X 30.5 X 18CM BLACK REUSABLE BAG 100/CS SAC REUTILISABLE NOIR DE 50.5 X 30.5 X 18CM 100/CS UPC Pack: UPC Case: 059212325166,CASE,0.83,28.88
BMB1C,"COMPOSTABLE PRODUCE & MEAT BAGS 12"" X 20"" 1000/RL X 2/CS (7000729) SACS COMPOSTABLE POUR VIANDE & LEGUMES 12"" X 20"" 1000/RL X 2/CS(7000729) UPC Pack: UPC Case: 059212998056",CASE,44.56,89.12
BBHDW,"FOIL PAPER WRAP - 10.5"" x 13"" - 2500/CS (346097) EMBALLAGE PAPIER D'ALUMINIUM - 10.5"" x 13"" - 2500/CS (346097) UPC Pack: UPC Case: 059212998094",CASE,0.03,79.77
BZW500,"TITAN-FOIL POP-UP FOIL SHEETS 9"" x 10.75"" 500/BOX x 6/CS TITAN-FOIL FEUILLES D'ALUMINIUM 9"" x 10.75"" 500/BOITE x 6/CS UPC Pack: 059212989481 UPC Case: 059212989498",CASE,13.85,83.10
BPBN1,SANI GUARD BEARD COVER - WHITE - 1000/CS FILETS BLANC POUR BARBE - 1000/CAISSE UPC Pack: UPC Case: 059212990364,CASE,0.05,46.16
BPB2,BOUFFANT HAIR NETS 21' WHITE - 1000/CS FILETS POUR CHEVEUX BOUFFANT 21' BLANC - 1000/CAISSE UPC Pack: UPC Case: 059212990357,CASE,0.03,31.36
BPB3,"SANI-GUARD 24"" WHITE BOUFFANT HAIR NETS 1000/CASE SANI-GUARD 24"" FILETS POUR CHEVEUX BOUFFANT 1000/CS UPC Pack: UPC Case: 059212993310",CASE,3.68,36.80
VNZH15,"HIGH PERFORMANCE 15.5"" x 1476' ECO SUPREME PRE-STRETCH FILM 8.4 MIC 4/CS (833343) PELLICULE HAUTE PERFORMANCE 15.5'' x 1476' ECO SUPREME PRE ETIRABLEE 8.4 MIC 4/CS(833343) UPC Pack: UPC Case: 059212994195",CASE,10.27,41.08
VSC48328,48MM X 132M CLEAR PACKING TAPE 8/PK 4/TRAY (1114832) 48MM X 132M RUBAN D'EMBALLAGE CLAIRE 8/PQ 4/PLATEAU (1114832) UPC Pack: 059212952768 UPC Case: 059212311848,EACH,21.00,84.00
KWK2,SUAVE MOIST TOWELETTE 125MM x 170MM 1000/CS SUAVE SERVIETTE HUMIDE 125MM x 170MM 1000/CS UPC Pack: UPC Case: 059212323049,CASE,0.02,16.77
BNCN1,SUAVE COCKTAIL NAPKINS 4000/PK x 2/CS (1113211) SUAVE SERVIETTES DE DEJEUNER 4000/PK x 2/CS (1113211) UPC Pack: 059212991491 UPC Case: 059212991521,EACH,19.96,39.92
